date,in_sample,walk_forward,equal_weight_sectors
2001-05-11,1.0,1.0,1.1068239614750413
2001-05-18,1.0,1.0,1.1129046590358522
2001-05-25,1.0,1.0,1.108571816209659
2001-06-01,1.0047926895242882,1.0,1.1120252680779015
2001-06-08,0.9957499711869581,1.0,1.10967100374218
2001-06-15,1.012535235373932,1.0,1.1134023969281277
2001-06-22,1.0259306958661079,1.0,1.1059591523886485
2001-06-29,1.0121247001717997,1.0,1.107892438319231
2001-07-06,1.0371167864156063,1.0,1.1204190008716959
2001-07-13,1.0233352889119545,1.0,1.1105148081782286
2001-07-20,1.0407596576672635,1.0,1.117226890030589
2001-07-27,1.0362272576122213,1.0,1.1151823902118385
2001-08-03,1.0451731225748488,1.0,1.1102608021929552
2001-08-10,1.0589919416173852,1.0,1.1176538545856232
2001-08-17,1.062548043219219,1.0,1.121719824738986
2001-08-24,1.061262937659129,1.0,1.1199483238935994
2001-08-31,1.0706464029760288,1.0,1.125162890526963
2001-09-07,1.0925640820073648,1.0,1.1334053063353697
2001-09-14,1.100070202992248,1.0,1.1223288430623253
2001-09-21,1.150154040535435,1.0,1.1137010809308245
2001-09-28,1.1526342006227468,1.0,1.1081307233440283
2001-10-05,1.136426926059115,1.0,1.1125576006096967
2001-10-12,1.1254097877848006,1.0,1.1123918732963987
2001-10-19,1.1199020727824973,1.0,1.1101668285802602
2001-10-26,1.1545567955669587,1.0,1.1149543303308427
2001-11-02,1.1522882904073433,1.0,1.1058888557547786
2001-11-09,1.1566436518434762,1.0,1.1035518832434257
2001-11-16,1.1839859630393788,1.0,1.105295570739498
2001-11-23,1.1924792585059025,1.0,1.1072658232182557
2001-11-30,1.1902431007707446,1.0,1.1110702529213743
2001-12-07,1.165522562477962,1.0,1.1099280183286082
2001-12-14,1.168488391637557,1.0,1.104062399398558
2001-12-21,1.1841501379939907,1.0,1.1111739025400253
2001-12-28,1.1836015230769636,1.0,1.1203971269902737
2002-01-04,1.180510819030448,1.0,1.1137185412209956
2002-01-11,1.1598681426657622,1.0,1.110211766906326
2002-01-18,1.1509095617752778,1.0,1.1051222792723763
2002-01-25,1.1884737841312287,1.0,1.1192972133417063
2002-02-01,1.1824051688787744,1.0,1.1207718991262956
2002-02-08,1.1728514862736854,1.0,1.1253593978153533
2002-02-15,1.177697236567133,1.0,1.1329033798959856
2002-02-22,1.1688392866291053,1.0,1.142899538677149
2002-03-01,1.1560083522837776,1.0,1.142221157783341
2002-03-08,1.1474447674086676,1.0,1.1433959744733715
2002-03-15,1.1486501016628403,1.0,1.147609204042877
2002-03-22,1.150123604028735,1.0,1.1481760053228325
2002-03-29,1.143419529183489,1.0,1.1583352956205228
2002-04-05,1.1573134742279556,1.0,1.1546055646113857
2002-04-12,1.2009056544578895,1.0,1.1611610947584718
2002-04-19,1.18961012473119,1.0,1.1624573858466334
2002-04-26,1.2043106796775365,1.0,1.1756502145717809
2002-05-03,1.2030790662659405,1.0,1.176348328997643
2002-05-10,1.2065170137750518,1.0,1.177410972834602
2002-05-17,1.2297745682087091,1.0,1.1671716967870174
2002-05-24,1.2190372010407438,1.0,1.177358506355954
2002-05-31,1.2265214126342825,1.0,1.1754513897435777
2002-06-07,1.2414635106625593,1.0,1.1762222440855938
2002-06-14,1.2224299468434294,1.0,1.1740045401566024
2002-06-21,1.2247114416399956,1.0,1.1790630849455719
2002-06-28,1.236225552135683,1.0,1.1864280157093365
2002-07-05,1.2201869627315516,1.0,1.17558472576731
2002-07-12,1.2374172928034834,1.0,1.178432184611247
2002-07-19,1.2406230267247795,1.0,1.1688367572903817
2002-07-26,1.193811076526527,1.0,1.1734731638546432
2002-08-02,1.2144420024489562,1.0,1.1703840049720933
2002-08-09,1.2140719515064125,1.0,1.1739256711845116
2002-08-16,1.2272309573584261,1.0,1.1695797348739396
2002-08-23,1.2274063674696991,1.0,1.1678652418479651
2002-08-30,1.2459246921727565,1.0,1.1768041679820023
2002-09-06,1.2580121206341357,1.0,1.170914623114627
2002-09-13,1.282285007591058,1.0,1.169610836794073
2002-09-20,1.2913328030044553,1.0,1.1798413132336996
2002-09-27,1.272766242479749,1.0,1.1778951534112514
2002-10-04,1.2641041912954272,1.0,1.170070514529802
2002-10-11,1.3349074432449033,1.0,1.1517826407292586
2002-10-18,1.3810687095966783,1.0,1.1480038587144235
2002-10-25,1.4078596045458105,1.0,1.1463927600327937
2002-11-01,1.4092006825262877,1.0,1.1554436506060723
2002-11-08,1.4163760716572444,1.0,1.1512004423173852
2002-11-15,1.4501079697891481,1.0,1.1462073910106307
2002-11-22,1.4490716547617712,1.0,1.14683415832463
2002-11-29,1.4941204071711751,1.0,1.150645653142947
2002-12-06,1.4863377671607572,1.0,1.1509859192819927
2002-12-13,1.4475068015042742,1.0,1.1680887021632027
2002-12-20,1.4474919612402404,1.0,1.1650402450932382
2002-12-27,1.4304673827417922,1.0,1.174644951911272
2003-01-03,1.4213184800302312,1.0,1.1625161268567168
2003-01-10,1.442019659500141,1.0,1.1585773255525602
2003-01-17,1.4416677451442408,1.0,1.1634480781687564
2003-01-24,1.434183998183564,1.0,1.1682130967580384
2003-01-31,1.4346297215856647,1.0,1.1642907340537747
2003-02-07,1.4309564161072603,1.0,1.1690977092410466
2003-02-14,1.4425536483470587,1.0,1.1579924293327641
2003-02-21,1.4597146157061252,1.0,1.1666826932731114
2003-02-28,1.4597810385151437,1.0,1.1604985214542791
2003-03-07,1.455314543012642,1.0,1.1646405976437273
2003-03-14,1.4604916514639832,1.0,1.1604811269136948
2003-03-21,1.4774445862793446,1.0,1.1622616741304221
2003-03-28,1.450604983657298,1.0,1.164193088502784
2003-04-04,1.4689945401801159,1.0,1.16085283167821
2003-04-11,1.4753640558446104,1.0,1.1625141522346725
2003-04-18,1.4814114580278241,1.0,1.1616615236341443
2003-04-25,1.4918527543859932,1.0,1.1607162272447389
2003-05-02,1.4776615329753233,1.0,1.1560965435714574
2003-05-09,1.4793845770761294,1.0,1.1577547900209766
2003-05-16,1.4887966090598475,1.0,1.1620809954450324
2003-05-23,1.501837947214196,1.0,1.1722017091301509
2003-05-30,1.4849355515856097,1.0,1.1643641051156066
2003-06-06,1.490386985658249,1.0,1.1627993820034677
2003-06-13,1.4969074145977261,1.0,1.1605923639214883
2003-06-20,1.517626401249222,1.0,1.1665661235221625
2003-06-27,1.5102361219073301,1.0,1.1666703809092926
2003-07-04,1.5125167232356787,1.0,1.161306780324776
2003-07-11,1.523691141576386,1.0,1.1495303166057473
2003-07-18,1.5089425710682387,1.0,1.15129231629071
2003-07-25,1.509202073937853,1.0,1.1544109317431095
2003-08-01,1.5161742179146427,1.0,1.1563754977609104
2003-08-08,1.506857835846378,1.0,1.1604631647967893
2003-08-15,1.532185632482094,1.0,1.162225949893089
2003-08-22,1.5519156271758974,1.0,1.1626567844390485
2003-08-29,1.5505362355284869,1.0,1.1598446488497902
2003-09-05,1.5443994247979485,1.0,1.1573847504069146
2003-09-12,1.5208198609170493,1.0,1.1592379389868435
2003-09-19,1.5273251349359451,1.0,1.1560048630832134
2003-09-26,1.5292707484591324,1.0,1.1601388923816376
2003-10-03,1.5352025985856772,1.0,1.157642405072189
2003-10-10,1.5497092035781341,1.0,1.151186916143629
2003-10-17,1.5421036072418646,1.0,1.1550717257624636
2003-10-24,1.5352059399742046,1.0,1.1532917728839351
2003-10-31,1.523101495479457,1.0,1.1572419420440339
2003-11-07,1.5192274347234302,1.0,1.1565725299149172
2003-11-14,1.5321491593301415,1.0,1.1579498350970479
2003-11-21,1.5367604127746501,1.0,1.1546915118970231
2003-11-28,1.536976536970773,1.0,1.1585922449816546
2003-12-05,1.5429298866370282,1.0,1.1651410806237958
2003-12-12,1.5472835060114065,1.0,1.167752159070688
2003-12-19,1.5597748596120469,1.0,1.1727422655589463
2003-12-26,1.5680078787509364,1.0006667975241839,1.1743731010057092
2004-01-02,1.5635692557482743,0.9958511524055239,1.168178925092533
2004-01-09,1.5573272913353613,0.9905304500528056,1.1669357813725407
2004-01-16,1.5374828431232925,0.9855572216627131,1.1579534750513867
2004-01-23,1.535925833338629,1.002721313963749,1.1601979967106744
2004-01-30,1.5301218500865152,0.9996057730179899,1.161538029228096
2004-02-06,1.5391843634547147,1.0006190819553482,1.1616787900260634
2004-02-13,1.5365006213764583,1.004149066260215,1.1641319626167026
2004-02-20,1.5252940659229346,0.9992120599477893,1.1655172612210696
2004-02-27,1.5174324851821894,1.0039404609585025,1.1725008770385428
2004-03-05,1.5174759964122304,1.005638751793431,1.1709476614243608
2004-03-12,1.507919875566912,0.9996298391548709,1.1702624051552415
2004-03-19,1.503943834174454,0.9949787100719863,1.177473795700149
2004-03-26,1.49605710013878,0.9981027557778751,1.174283550452996
2004-04-02,1.4992360976357595,1.0096939958851725,1.1699781216615739
2004-04-09,1.5022828100830057,1.0116877500809687,1.169728047002817
2004-04-16,1.5231175120614264,1.0330408521769783,1.1767896960336186
2004-04-23,1.5285040622623278,1.038725838529595,1.1751058003328723
2004-04-30,1.519322992758381,1.0161012966127607,1.1789707423313531
2004-05-07,1.5249162226014206,1.0172711370667467,1.1739842395002296
2004-05-14,1.5336689741768765,1.0237329590198412,1.171841580251949
2004-05-21,1.5336780190510395,1.021732122686595,1.1717578424977273
2004-05-28,1.5311470071042181,1.0194509044697553,1.1743021261699993
2004-06-04,1.5371902080256352,1.0186692747014006,1.172824139445804
2004-06-11,1.5353916332728201,1.0194036588064357,1.1720533644067042
2004-06-18,1.5410586627001261,1.025400966249353,1.181117380343605
2004-06-25,1.5230292675900972,1.0224581990144517,1.1844646802454186
2004-07-02,1.5193012260211347,1.024053475105475,1.1841980795990137
2004-07-09,1.5184010729892667,1.0266937872708115,1.1878735058875398
2004-07-16,1.5076713446552372,1.032427098761659,1.195895336592852
2004-07-23,1.494952556237401,1.0218037859721865,1.1932308352982937
2004-07-30,1.4883843960843355,1.0104790296816868,1.1902485544024888
2004-08-06,1.5270269427478016,1.0306652150978362,1.1944854143000057
2004-08-13,1.5342104591337575,1.0385950555212133,1.1952508359400786
2004-08-20,1.5360356165425302,1.0494654459638193,1.194955421137904
2004-08-27,1.5350653535081729,1.0494327885006662,1.194133852920778
2004-09-03,1.5211221665176777,1.0403369795516726,1.1991050990487675
2004-09-10,1.5507232572861624,1.0585354929100514,1.1955079162867448
2004-09-17,1.5628070380320613,1.0678309919045526,1.1962015253944351
2004-09-24,1.567067569880768,1.0773941170789458,1.1991588773331383
2004-10-01,1.5722269181509723,1.0712350183540142,1.2011240487648884
2004-10-08,1.5911051787381238,1.0733517333796183,1.2079145129646511
2004-10-15,1.6137290326444302,1.0858212584890026,1.2063275220036644
2004-10-22,1.6363724411442964,1.0985015172025077,1.2094757208974545
2004-10-29,1.6198853838208045,1.0849960975443482,1.207668370914211
2004-11-05,1.6108571976973276,1.074179961830777,1.202530079003218
2004-11-12,1.6156272200592305,1.0720970760792778,1.2076695056331606
2004-11-19,1.6281456316852432,1.0757262434766968,1.2069419009261246
2004-11-26,1.6494568959818205,1.0920447207198116,1.216744664479935
2004-12-03,1.6126595010726417,1.0618158002579645,1.2045592232472233
2004-12-10,1.5973025206606235,1.05900824635664,1.2002611442384934
2004-12-17,1.5998717154619237,1.0641382119098124,1.2059821966503057
2004-12-24,1.5990100743784246,1.067924038510769,1.2082002276453798
2004-12-31,1.6011943196117453,1.0665051983725986,1.206938625393562
2005-01-07,1.5976873255084842,1.0697042576063147,1.202317347329983
2005-01-14,1.627584767340292,1.0875897875180691,1.2108831907911488
2005-01-21,1.6277170395750793,1.0932990439296162,1.2121487230181087
2005-01-28,1.6407215344189385,1.1012163168204105,1.2112167984294648
2005-02-04,1.6606796155679722,1.1205302728438469,1.2171040371487807
2005-02-11,1.677585229815286,1.136364067162798,1.2181932717513884
2005-02-18,1.7135781388370923,1.154350024304337,1.225749453642477
2005-02-25,1.7459721290089751,1.1717045645858215,1.2289628331841593
2005-03-04,1.7600723042121766,1.1800458603781683,1.2313846473544863
2005-03-11,1.757403321092787,1.1852697067534272,1.2321960815121693
2005-03-18,1.7689249917308412,1.1836187551373358,1.2372184214870547
2005-03-25,1.7696980434344363,1.182400803867075,1.2347358839192366
2005-04-01,1.7445371333353412,1.1639166967977177,1.236101048643104
2005-04-08,1.7668043298628793,1.1718983711354156,1.2361015643230626
2005-04-15,1.8058302804651585,1.1949589910623832,1.2310494558917102
2005-04-22,1.766845758458638,1.1677624980868158,1.2306891512719904
2005-04-29,1.7913201369782399,1.187567376670076,1.2305976698243073
2005-05-06,1.789361849328886,1.1830939948840942,1.23168997790389
2005-05-13,1.7879160834570826,1.1948089222695941,1.2209843777933524
2005-05-20,1.7790564689923265,1.1959979673036274,1.2224103019540287
2005-05-27,1.7615503407681345,1.1889771983876098,1.2227164481379784
2005-06-03,1.7598921390766975,1.1841049060757962,1.225916805034032
2005-06-10,1.7529450988993562,1.185189149582519,1.2292916350959402
2005-06-17,1.7177218795357747,1.178045603581601,1.2352941679601779
2005-06-24,1.7404572875389022,1.1863204292055651,1.233373262273735
2005-07-01,1.7559205447521051,1.1952571965123913,1.233090295075091
2005-07-08,1.7433574692806342,1.188072057344776,1.231955170524735
2005-07-15,1.7315193547099546,1.1826610940738151,1.2280161009901125
2005-07-22,1.7329065635697267,1.1926316426433667,1.2319992918522626
2005-07-29,1.7442187609135016,1.1980939206352526,1.2344969981012752
2005-08-05,1.745536756026967,1.2027652787115612,1.235949286895139
2005-08-12,1.759743599310282,1.224906867421395,1.2408497823617393
2005-08-19,1.7375648280100788,1.2081580221011263,1.2328666200746423
2005-08-26,1.7420651641502758,1.193876381812813,1.237206163892042
2005-09-02,1.755574536797322,1.1961970884817423,1.2399477206443188
2005-09-09,1.7476964360787821,1.1886203640591197,1.2399997706634394
2005-09-16,1.7597533223048833,1.2020219924788593,1.2422458982863622
2005-09-23,1.7424610311631201,1.1944698719008444,1.2412151115368504
2005-09-30,1.7448023673290434,1.1848868437079818,1.2423726738895995
2005-10-07,1.7434359268071864,1.2073886796439095,1.2397367421817225
2005-10-14,1.728557614259336,1.2178206146546078,1.2346517581587209
2005-10-21,1.7171588586339246,1.23137566076764,1.2310131569180949
2005-10-28,1.7051301300201824,1.207440785983796,1.236259313006395
2005-11-04,1.6992118287220355,1.2206639529305316,1.2329815543647462
2005-11-11,1.6562767920534185,1.2083149330912446,1.2272164830147292
2005-11-18,1.6593534214725638,1.2064051831556275,1.2310645874300505
2005-11-25,1.6525654809142052,1.2055876325654682,1.231683260755304
2005-12-02,1.6596824069692782,1.2077690182106895,1.2342282433761758
2005-12-09,1.6645739742816643,1.210874401367388,1.2383251622332752
2005-12-16,1.6672515874638567,1.2112979196184837,1.2408292184296876
2005-12-23,1.6526820215550553,1.20079034359946,1.2396583765595042
2005-12-30,1.6570372848101524,1.2033358473603881,1.2424766196740673
2006-01-06,1.6430379867060534,1.188536622979167,1.2405489819025635
2006-01-13,1.6265283723192971,1.182301477182021,1.2380813447216252
2006-01-20,1.6349539290708084,1.2119812296193446,1.2494587984356695
2006-01-27,1.625112271046904,1.1960629516899541,1.2452384101180352
2006-02-03,1.6203264046327337,1.195311649845263,1.2481113390525702
2006-02-10,1.6057990662002266,1.1747200019315818,1.243692409099666
2006-02-17,1.6048797345695298,1.1744764762916304,1.242999884125224
2006-02-24,1.6176304384153346,1.1820571873283954,1.2406857969630047
2006-03-03,1.6159110521860784,1.1790944573350433,1.2460245607061267
2006-03-10,1.5839438794771314,1.2088415162524113,1.238801866904141
2006-03-17,1.6067249161399977,1.1923000916720436,1.2419439106375898
2006-03-24,1.6072613068523824,1.1983942940073513,1.240471442488005
2006-03-31,1.611615386502823,1.2071611678055643,1.2376274596656802
2006-04-07,1.6152037078140424,1.2194116507218737,1.2422584389063798
2006-04-14,1.6154537407628644,1.2224308619602287,1.2451056706507828
2006-04-21,1.6494299036846518,1.2391187639802368,1.2505004432687967
2006-04-28,1.6131566240934376,1.2321120920445532,1.2422527256623033
2006-05-05,1.6214173523290998,1.2326652913236058,1.253328574721748
2006-05-12,1.6150115909196128,1.2226884015525017,1.253008461958757
2006-05-19,1.591797024392215,1.2233337512124793,1.2489224572445523
2006-05-26,1.5978358605516692,1.2256020942952885,1.2497531710264995
2006-06-02,1.6093361559450277,1.2446050797966675,1.2562016367535196
2006-06-09,1.6044149572429613,1.255515406561856,1.2525740855491132
2006-06-16,1.5914754158742181,1.2555553610081824,1.257801922845232
2006-06-23,1.6022976186370745,1.2524559996940663,1.2558622990429393
2006-06-30,1.6221473308989471,1.2368857042807442,1.257340518897345
2006-07-07,1.6300090710568127,1.2278857343828635,1.2586246518023467
2006-07-14,1.6444195229102485,1.2013802442774746,1.2630849252794685
2006-07-21,1.6379685141095943,1.1916338549044878,1.2586007493349607
2006-07-28,1.671085167391163,1.2093907732425881,1.253080521712898
2006-08-04,1.6663805514554306,1.211406720633894,1.2537835813675047
2006-08-11,1.6803679906243518,1.203813795241286,1.2544553671489223
2006-08-18,1.6698085116000787,1.203155447826343,1.2501916712399392
2006-08-25,1.6818719328957579,1.191257297876567,1.253001407882913
2006-09-01,1.6492954233863701,1.1757258557110846,1.253609814634662
2006-09-08,1.634723296632634,1.1707675619754752,1.250467668482935
2006-09-15,1.6106281064997843,1.1589882206738336,1.239886142898526
2006-09-22,1.6131614001489407,1.165013501738704,1.2384676743500542
2006-09-29,1.6022930833418523,1.1613026607519885,1.2396125723783473
2006-10-06,1.5750503169993848,1.1534007918197056,1.2379013013373872
2006-10-13,1.568438471464364,1.1614652981032172,1.2392742301444797
2006-10-20,1.5717603339967978,1.1565084256761027,1.2439112075575711
2006-10-27,1.5618073942503372,1.1639000710358594,1.2465026507058141
2006-11-03,1.5575421977825357,1.167645049417677,1.2485446051122933
2006-11-10,1.5560701268850552,1.1653476934009797,1.2468080981192973
2006-11-17,1.583710076330572,1.1606273018150095,1.2428771400527272
2006-11-24,1.5656681112652813,1.1480902615867439,1.249101157416987
2006-12-01,1.54528107923022,1.1804045062650612,1.2502518357829024
2006-12-08,1.542818046772443,1.1694088463302048,1.25205712362771
2006-12-15,1.5441198720582163,1.175138868602116,1.250017176531024
2006-12-22,1.5334141695300956,1.1709468849937,1.2489273681765627
2006-12-29,1.5414259816023308,1.1701276893248262,1.2463480321858407
2007-01-05,1.526925437915627,1.1692280884117277,1.2455869275774913
2007-01-12,1.5087868634127932,1.1602049134152825,1.2390459526721482
2007-01-19,1.5034894254677464,1.1516040701771386,1.2479614515151385
2007-01-26,1.5079035730292427,1.1406782428396345,1.2492087185242962
2007-02-02,1.505261567933473,1.1312082076819272,1.2505569220798198
2007-02-09,1.5177127050439847,1.1355416349950398,1.254469525632354
2007-02-16,1.5101283703588613,1.1307038349909977,1.2547629736663322
2007-02-23,1.5021983152390244,1.1204450905821046,1.2606803338134958
2007-03-02,1.5123011071174015,1.1309110557191397,1.2645775611701675
2007-03-09,1.5088276251316963,1.1257376611649217,1.2638870652203147
2007-03-16,1.514727266375894,1.1353362623426873,1.2691328430029112
2007-03-23,1.5215125514302388,1.1518282935732975,1.2695676838820458
2007-03-30,1.5243850340583713,1.1555807092081976,1.269837782315142
2007-04-06,1.5146614919052837,1.1558608218619635,1.27265393929405
2007-04-13,1.5074924306397293,1.1500532371830618,1.2720541652694435
2007-04-20,1.5110509982858114,1.1519311381609731,1.265577175817785
2007-04-27,1.5080976060102307,1.1479993244616824,1.2671552149999155
2007-05-04,1.5117195023590289,1.1476796990597085,1.264384775788381
2007-05-11,1.5017501423824087,1.1378790599441218,1.2663739168424513
2007-05-18,1.4972212332215626,1.1303580746684128,1.2675259061880937
2007-05-25,1.5136088010389814,1.1408223740277745,1.2677989094690585
2007-06-01,1.510712086128887,1.1398380323714972,1.2681351329508936
2007-06-08,1.5038225456811418,1.1401448575492938,1.2637305726456443
2007-06-15,1.4933433457295973,1.1196787632583975,1.2678998560362802
2007-06-22,1.4675029591278463,1.1100973272638293,1.2656864955546163
2007-06-29,1.4850960729396165,1.1191013081091195,1.266778339689916
2007-07-06,1.4692328826208771,1.102320872870476,1.269178179040108
2007-07-13,1.4537501023021104,1.088540940766868,1.274157278168043
2007-07-20,1.4341792738413384,1.0752416031661773,1.275194004745732
2007-07-27,1.4127771296329374,1.0668454469980593,1.26953503062897
2007-08-03,1.38621616682085,1.0847872712606743,1.2678662761675166
2007-08-10,1.4119001627642649,1.0990858826903913,1.2742266268136615
2007-08-17,1.3978936789614202,1.0743878311824981,1.2602917753257599
2007-08-24,1.4174300215653404,1.0913658819909222,1.2671715608107623
2007-08-31,1.4232960207831067,1.0826581567186055,1.268098480609148
2007-09-07,1.4035297300178717,1.0961500959898383,1.2684766304102435
2007-09-14,1.4185361471157416,1.095419460505612,1.2707688578158378
2007-09-21,1.4411663658878082,1.111325484694313,1.2761088387542912
2007-09-28,1.4368211661229058,1.1134700114414882,1.271273023141226
2007-10-05,1.4470742965169048,1.1037234298644045,1.2705271449996725
2007-10-12,1.4464280938738858,1.1070957797258598,1.2724226607387068
2007-10-19,1.4413791574967338,1.1158630102987812,1.2780438231088795
2007-10-26,1.445407971541046,1.1117309696442224,1.278580480745616
2007-11-02,1.4270426732472132,1.1179612111003567,1.283164673587429
2007-11-09,1.391884850546234,1.0893099584177273,1.2948372156935288
2007-11-16,1.3942439966734645,1.0730582537826192,1.289889456740343
2007-11-23,1.386428673514034,1.0680144482723148,1.291155110651373
2007-11-30,1.4034845286739963,1.0699250092496482,1.288959464847325
2007-12-07,1.3901529468902722,1.0673947850567764,1.2954481733499987
2007-12-14,1.372711251640639,1.0636474266784632,1.2959069199178141
2007-12-21,1.3668900751403215,1.0657760992572056,1.2959930313328445
2007-12-28,1.3552608020436978,1.0626449904742208,1.297272451336368
2008-01-04,1.3375267536778492,1.043849725994759,1.3002611011392797
2008-01-11,1.312829499141705,1.0188506197654879,1.3039507905786487
2008-01-18,1.3150692629199778,1.0018034882196636,1.3044958891398424
2008-01-25,1.3515771925027693,1.0132922730641505,1.3016783619271772
2008-02-01,1.3486157247123134,1.0166684869574019,1.3045235756742788
2008-02-08,1.336796997203489,0.9936753025243649,1.3143036507823636
2008-02-15,1.3449686682478381,0.9982588720355454,1.3154848744960979
2008-02-22,1.3533293864770048,0.9989076562970138,1.3207466917420654
2008-02-29,1.3643271805135424,0.9913374391755215,1.3099228899756676
2008-03-07,1.3455909034216271,0.9924755940771246,1.319213248519533
2008-03-14,1.3200240353455281,0.9719558106187458,1.3208301032578846
2008-03-21,1.385232704026806,1.0021688669160356,1.3069863835158104
2008-03-28,1.3409433078839073,0.9816146820766913,1.3169368294270005
2008-04-04,1.3784534119195488,0.9732719540920152,1.3193809160212588
2008-04-11,1.3607145926911999,0.9795269816790501,1.3244532908276911
2008-04-18,1.389833421875699,0.9647392559036421,1.3282299563227444
2008-04-25,1.3945775655241717,0.9773557147977947,1.3198662029173949
2008-05-02,1.3888334730506515,1.004167982928612,1.313710623871898
2008-05-09,1.401823450572145,0.9602873097638351,1.3221970558215415
2008-05-16,1.4250116410356812,0.9458659260207819,1.3263159962689506
2008-05-23,1.407920955357559,0.9453955286103477,1.3305595790345102
2008-05-30,1.40622726389261,0.9369696458797673,1.325986930515227
2008-06-06,1.381968147073399,0.9250813162742944,1.3307832300643931
2008-06-13,1.3891778614525645,0.9288742541206992,1.336362807132394
2008-06-20,1.3734024994804175,0.9058962082520469,1.339413582287715
2008-06-27,1.3305311958669654,0.890671681969126,1.3411772623776705
2008-07-04,1.3461410853374318,0.8951800658142159,1.3329711314303214
2008-07-11,1.3306468719809257,0.8968616346689041,1.338516154252048
2008-07-18,1.4214162569753563,0.9518750167103192,1.3395792769981085
2008-07-25,1.454508694747866,0.9797250696239631,1.3333863342972023
2008-08-01,1.447482923202662,0.9882095184249009,1.3296309588552624
2008-08-08,1.4838514464476928,1.0096930709842442,1.3264875505920874
2008-08-15,1.5211218848718753,1.0215233165215727,1.3269795644586342
2008-08-22,1.5091175701149502,1.0080566642224142,1.3315402101149192
2008-08-29,1.488469854616823,1.0213116108113933,1.3339443327984613
2008-09-05,1.499557255889762,1.020949690536228,1.332950575402015
2008-09-12,1.4972597792973565,1.0063757591275875,1.3346444001586364
2008-09-19,1.5323998662884457,1.0296144928415465,1.3373020438634065
2008-09-26,1.4785425977469386,1.0088975605805568,1.3294763862855021
2008-10-03,1.3819672276485608,0.9511116420036938,1.3166206553306754
2008-10-10,1.4193742014367847,0.9433656760035442,1.3487263357734103
2008-10-17,1.3615188990525229,0.9515080422511555,1.3217868209407515
2008-10-24,1.3195650801253358,0.9814604640774541,1.3165053654873693
2008-10-31,1.357055246667574,0.9544241318778044,1.3190457953261798
2008-11-07,1.3364794860271014,0.970596572406465,1.310608186980435
2008-11-14,1.33552850877879,0.9978061467784356,1.3353071178592222
2008-11-21,1.2977727450589818,1.039170001769048,1.3328399091370067
2008-11-28,1.328580941199174,0.9892966837194782,1.3236319880908571
2008-12-05,1.3123086050254424,1.0208058740139834,1.3220553983658503
2008-12-12,1.3508026225574115,0.9988743093484433,1.3177569222419407
2008-12-19,1.3327172919775816,1.0251406000159964,1.3312169777123322
2008-12-26,1.3438045527196443,1.0147078883283343,1.3243496994662805
2009-01-02,1.3425048397711434,1.0181971559458287,1.3292872727697416
2009-01-09,1.3803568847910683,1.0186533526310582,1.3321202313670588
2009-01-16,1.4391204775753055,1.029484254148581,1.3343776073620952
2009-01-23,1.4849608406555905,1.0297294164801172,1.3341595381628046
2009-01-30,1.4482386037273691,1.0141912671073445,1.3299958400326084
2009-02-06,1.478360115191043,1.0306544856295365,1.3284020498576956
2009-02-13,1.4953242055412663,1.0344240242313478,1.3271775275992792
2009-02-20,1.5368811006028833,1.0483477944381745,1.3205038056466014
2009-02-27,1.5435283843468415,1.0589092136603087,1.324348511624463
2009-03-06,1.482557492676318,1.039583962116291,1.3203254015668424
2009-03-13,1.5868744864606275,1.0366995316097303,1.322626135669835
2009-03-20,1.5359129041318962,1.0313845897935503,1.3367264339229434
2009-03-27,1.5532060610156955,0.9869740244089272,1.3378327929668032
2009-04-03,1.5304252691494458,0.9439240506887551,1.3381308075280753
2009-04-10,1.5372914277153988,0.9205947998698983,1.3350798542838191
2009-04-17,1.5459062469610767,0.9108199405866954,1.3421071382027214
2009-04-24,1.4924775724222306,0.9034975310644912,1.3457926533661686
2009-05-01,1.4963963432859364,0.9180023178083624,1.3519660840821985
2009-05-08,1.5346626944958937,0.9040838784392514,1.3577668889899988
2009-05-15,1.5830619466644233,0.9184947592851298,1.3496210848777197
2009-05-22,1.5894957826211396,0.9157788520365224,1.3576528897871734
2009-05-29,1.5677210291841777,0.9129525691709341,1.351467709646348
2009-06-05,1.5487417848789868,0.9022888887935964,1.3512715641446331
2009-06-12,1.5328132500701004,0.8996121241803312,1.355224691553045
2009-06-19,1.5589812380369432,0.922406347119011,1.3503555106714524
2009-06-26,1.562380036302876,0.9276216653861681,1.348065542919133
2009-07-03,1.5612401715850235,0.9320119929691167,1.3456064604726017
2009-07-10,1.5721023537495165,0.9493842511182305,1.346886195308694
2009-07-17,1.5629879977302963,0.9201051380194047,1.3472673064315057
2009-07-24,1.5468542909749052,0.9288747142882301,1.3543804375957988
2009-07-31,1.5465617850193654,0.9086275011845031,1.3531413298010833
2009-08-07,1.5495484268018562,0.8814861784862843,1.3550915061219848
2009-08-14,1.5599542828328585,0.8751001580218998,1.353512788960289
2009-08-21,1.5611727404630849,0.8728096568049765,1.3535787322607782
2009-08-28,1.5744952568266888,0.8733719083782059,1.3513858578460227
2009-09-04,1.563790283399609,0.8765435903155924,1.3522535986363122
2009-09-11,1.5725103638282858,0.8912712695741188,1.3516618689451811
2009-09-18,1.5877207537454077,0.9071549210204634,1.3562822357184867
2009-09-25,1.5762949045299097,0.894425560289975,1.352128911967376
2009-10-02,1.5873990111862368,0.8933660060450037,1.3508956741823204
2009-10-09,1.5583115571751853,0.8863122951285535,1.3510338750632818
2009-10-16,1.5336390251573966,0.891143609037018,1.3536382479662055
2009-10-23,1.540824198707801,0.8900909395050278,1.351667176660242
2009-10-30,1.5377969548750883,0.9159595515237166,1.3488402505362644
2009-11-06,1.5388996657564955,0.9032464326016452,1.3489692626478131
2009-11-13,1.562754551345701,0.9076252433291094,1.349617690531639
2009-11-20,1.553117898067661,0.9178511564769982,1.35170546503625
2009-11-27,1.5448542552878515,0.9234360157692683,1.3501922479120287
2009-12-04,1.5548315628126899,0.9295599949186928,1.3521303018443345
2009-12-11,1.5563962116914498,0.9347064903019893,1.3571875813471466
2009-12-18,1.5603659991874244,0.9329337434805227,1.3582042094802989
2009-12-25,1.5537166241253,0.9435552857969711,1.3591043136836698
2010-01-01,1.552419903438933,0.9454399183765716,1.3560284166357375
2010-01-08,1.547518151363704,0.9663349449303451,1.3583621582223036
2010-01-15,1.5262573468395593,0.945000989035939,1.357873285895779
2010-01-22,1.513195738449324,0.925969200178371,1.3573884089843165
2010-01-29,1.49214992548624,0.918108476492958,1.3563511603438636
2010-02-05,1.5124475305263017,0.9249413439134575,1.3565254058391791
2010-02-12,1.5407982932314224,0.9198192570597729,1.354187339094626
2010-02-19,1.552735718841432,0.9336454067377675,1.3593553908725002
2010-02-26,1.5439187108650652,0.9361440376513701,1.3558616737909452
2010-03-05,1.5581579068439233,0.9390621591115086,1.3582566569723593
2010-03-12,1.5533770617717522,0.9313214880316599,1.3537866930615998
2010-03-19,1.5402135237849135,0.9393892916200144,1.3529154102394456
2010-03-26,1.5076533128225857,0.9291123326340034,1.3498074573578325
2010-04-02,1.5281979979368545,0.9385460484919563,1.3549922281582538
2010-04-09,1.5143312814473069,0.9297545161189209,1.3521045347878913
2010-04-16,1.5095110804116283,0.9274075618190942,1.3487850979415819
2010-04-23,1.5136455675415632,0.9178821542938039,1.3508918164437735
2010-04-30,1.513077799237117,0.9213782436245832,1.3533767002941164
2010-05-07,1.5153162270227571,0.9362602705921116,1.3536365549404392
2010-05-14,1.5121496288688827,0.928208704618634,1.352660700411309
2010-05-21,1.518616392792761,0.9308883896644462,1.3525918823608822
2010-05-28,1.5252583457380127,0.9318439768244912,1.3551964183733025
2010-06-04,1.505547346983542,0.9243872956148398,1.3506471042051924
2010-06-11,1.4997433794757937,0.9266561254461867,1.3557892909629836
2010-06-18,1.4922136185960693,0.9159194705235653,1.3560826009478297
2010-06-25,1.4849324250407263,0.9095976224781747,1.356173022182656
2010-07-02,1.485423637926178,0.9171842134636029,1.358635917262734
2010-07-09,1.477143298624495,0.9163376187969015,1.3603190250411439
2010-07-16,1.482394284486215,0.9113735554317623,1.3601587034084026
2010-07-23,1.465629076752606,0.9178681076480014,1.364533862576101
2010-07-30,1.4671176277682059,0.9250844179312866,1.3659814262351044
2010-08-06,1.4885462293717528,0.9253319773540306,1.3657120807839571
2010-08-13,1.4758007005952187,0.9088823087070895,1.3699618859523368
2010-08-20,1.4844386581316629,0.904474935435868,1.3711824244411026
2010-08-27,1.475630345720107,0.9007734487888925,1.374927188355171
2010-09-03,1.4918530897430082,0.9010027833566333,1.3739054485760527
2010-09-10,1.4800662761257177,0.8938983485773883,1.373064615234662
2010-09-17,1.4900308247963205,0.9009790115767659,1.3686659945387856
2010-09-24,1.4849557446843407,0.8945382158350711,1.368566654640461
2010-10-01,1.4798720869836988,0.8843469029418121,1.3701246381933314
2010-10-08,1.4772200512707414,0.8759062624738037,1.3726095572194301
2010-10-15,1.4679041728048232,0.8723004558172552,1.3702902251348295
2010-10-22,1.4724221254820589,0.8749897116141505,1.3680022112081633
2010-10-29,1.4634150481720187,0.8715896781251279,1.3682694467807865
2010-11-05,1.4582109002440977,0.8619391786236305,1.3653147876189866
2010-11-12,1.4486754973750218,0.8458344785044756,1.3660167602859101
2010-11-19,1.4449868870397709,0.8352795742167798,1.3675125593838091
2010-11-26,1.4285329485148437,0.8254595953213534,1.3697675490698318
2010-12-03,1.4613905218818473,0.8317537465317288,1.3686996841400714
2010-12-10,1.4759636889415897,0.8418264087608588,1.364421845973993
2010-12-17,1.4663774497053501,0.8428383824402302,1.369150556302217
2010-12-24,1.4812336646269102,0.8460172632493348,1.3682787705866382
2010-12-31,1.4886974102677357,0.8457119708374389,1.3683070255826686
2011-01-07,1.4825782978241777,0.8398264692797742,1.364149204829106
2011-01-14,1.4879424241578867,0.8308931056191908,1.3618501109826666
2011-01-21,1.4946195528266508,0.8437362558604696,1.3617976298955037
2011-01-28,1.5031578517869684,0.840235923055867,1.3609823808534445
2011-02-04,1.5141982797046871,0.8324736216585648,1.3606833666619642
2011-02-11,1.5050159098825044,0.820983745449615,1.359254481079275
2011-02-18,1.51933627507091,0.8248269932384704,1.358749533693507
2011-02-25,1.5368614082682106,0.8323597831597119,1.3590807418793132
2011-03-04,1.5458454671114439,0.8431989306609902,1.3616360065384767
2011-03-11,1.5251509866905402,0.8452875866942847,1.3641126396949745
2011-03-18,1.5390357706168534,0.8486695873240104,1.3655523819383841
2011-03-25,1.5218034413941537,0.838655496113856,1.3659573432814893
2011-04-01,1.5129904291699283,0.8332613562237949,1.3691647421229944
2011-04-08,1.5168208614136045,0.8368729692468415,1.3678930822617354
2011-04-15,1.524349778295171,0.8355052459217894,1.3701010113530157
2011-04-22,1.5060925015253304,0.8358589314016959,1.3700735378266793
2011-04-29,1.510391537380585,0.8390997141454846,1.3708753790828965
2011-05-06,1.5338732327611129,0.8407376542421554,1.3707543123218413
2011-05-13,1.5307560113505378,0.830168481874811,1.3723238378517042
2011-05-20,1.5240286590452192,0.8255634193227707,1.3752278444134751
2011-05-27,1.5385100771835913,0.8354973478612218,1.3764582490857913
2011-06-03,1.538478297454664,0.8311499085359777,1.3762614057613527
2011-06-10,1.5417362317414802,0.8272388244757034,1.3790484342544131
2011-06-17,1.5182788161397058,0.8153932160231137,1.3792197411923992
2011-06-24,1.5447796090994548,0.8271213572989784,1.3820308465223825
2011-07-01,1.5647194455617366,0.8470577115272716,1.378764983036092
2011-07-08,1.571806673474916,0.8484906929239735,1.3787579342466174
2011-07-15,1.5820694549805054,0.8439478166785167,1.3793984652359481
2011-07-22,1.5730467962007766,0.8500312975960752,1.3758753474555394
2011-07-29,1.551423242498366,0.8485293280798923,1.377522991036255
2011-08-05,1.5277929966051105,0.8214657233814542,1.3749650893308125
2011-08-12,1.5459713501156092,0.8175724674723425,1.3802545298249391
2011-08-19,1.5414375597042784,0.8116098806204605,1.3876884207408822
2011-08-26,1.537077444527914,0.8117148549509356,1.3855414961263803
2011-09-02,1.5470040736972945,0.8112849773827034,1.3867230745716927
2011-09-09,1.5472828441454352,0.811968392514033,1.3856987995226273
2011-09-16,1.5299028524255902,0.8053450508949255,1.3831324340312736
2011-09-23,1.5083860015356096,0.8027916910812584,1.3775058798579785
2011-09-30,1.51010635146156,0.8057012263625088,1.3752520012133098
2011-10-07,1.527452948840494,0.80908563738961,1.3786496027535446
2011-10-14,1.5486854464607482,0.8171225867651115,1.374113795240891
2011-10-21,1.5503240104360232,0.8216819330044348,1.3789722986470374
2011-10-28,1.5234421594011303,0.820382884188745,1.380494948358204
2011-11-04,1.5250184600809487,0.8278048789052744,1.38221726542905
2011-11-11,1.5321180367228024,0.8306159993184633,1.3841267161492798
2011-11-18,1.5485101111308972,0.8233762447820038,1.3825254108890395
2011-11-25,1.5661391972363723,0.8237114257364855,1.383400265702762
2011-12-02,1.5551989891460374,0.8219930118994176,1.382353566137385
2011-12-09,1.5570953025580423,0.8197070948951123,1.3792970263069368
2011-12-16,1.5502023628288588,0.8161726016696377,1.3820620929593586
2011-12-23,1.549829462250691,0.8135338520765764,1.3822036489546299
2011-12-30,1.5478832015132007,0.8122299099648548,1.3843807316935393
2012-01-06,1.5748130491299144,0.8294044331612952,1.3807976227729286
2012-01-13,1.559706317113711,0.8273744486175917,1.3836302525694195
2012-01-20,1.580684030334269,0.8359063134670278,1.3720797039743597
2012-01-27,1.5755552901925614,0.8353740674223796,1.3784997390861728
2012-02-03,1.587925084568774,0.8397369423347533,1.3767255705539976
2012-02-10,1.5774558687116575,0.8311568020989342,1.3734694217319925
2012-02-17,1.5815105986602627,0.8325451908314809,1.371286040604327
2012-02-24,1.57032629552538,0.8350291737123836,1.3703099341026639
2012-03-02,1.578455268102959,0.8276158958498891,1.3675635815566247
2012-03-09,1.5792540673594095,0.8227147459601721,1.3658218134100402
2012-03-16,1.5975464983819618,0.8306150261979335,1.3599189416198911
2012-03-23,1.6166576080190838,0.8322715985037534,1.357721280120763
2012-03-30,1.619760454859722,0.8328801869564946,1.3571186935690405
2012-04-06,1.6069836842375789,0.8246259061498034,1.3566327425369562
2012-04-13,1.6036580713209523,0.8222165545673893,1.3581144612113405
2012-04-20,1.6031950419025631,0.8162619645680518,1.3621880792780752
2012-04-27,1.6061335553192835,0.8229009967643074,1.3611117894966862
2012-05-04,1.6073194238875679,0.8196484282739805,1.363789672098309
2012-05-11,1.608391951716308,0.8186093844932749,1.3644276911277948
2012-05-18,1.6175273914163029,0.8205316580944149,1.3665371044624668
2012-05-25,1.596973872111415,0.8169247185444554,1.3679685171078848
2012-06-01,1.6116021344699742,0.8222491021563686,1.3701337881678226
2012-06-08,1.6095976418886422,0.8224054352558132,1.368470267085962
2012-06-15,1.6270555206695678,0.828744503117711,1.3670960146497952
2012-06-22,1.6078302399568913,0.8211789036145378,1.3636812274563093
2012-06-29,1.6190805795051009,0.8208015107800015,1.3679710397818277
2012-07-06,1.6153926029495993,0.8204970295805363,1.3679982983138785
2012-07-13,1.6015288092793476,0.815171464100824,1.3687410869006102
2012-07-20,1.601191880300321,0.8171552064235734,1.370575790773738
2012-07-27,1.5912695796902965,0.8092418016210757,1.3682079910352416
2012-08-03,1.5947451951534581,0.8068381950404604,1.3640282581801488
2012-08-10,1.6185733318993487,0.8037036877342385,1.3640753783582853
2012-08-17,1.6367654102295763,0.7989929035097642,1.3606459450125161
2012-08-24,1.6248406809923739,0.7919105076522394,1.3590065018957662
2012-08-31,1.615792756759412,0.7865372259354662,1.3583687884512545
2012-09-07,1.6136114114175286,0.78698324793511,1.3573783543672053
2012-09-14,1.630935997828499,0.7967711099970861,1.3566649469859067
2012-09-21,1.613016788389059,0.7913274896609372,1.3548023313829514
2012-09-28,1.59146581877375,0.7812228107449326,1.3583485559996618
2012-10-05,1.579784621410193,0.7735692726548686,1.3581811086762243
2012-10-12,1.5719775709164432,0.772392217236519,1.3617785849442168
2012-10-19,1.583003288222769,0.7720105799141753,1.3678589843496014
2012-10-26,1.574616203087529,0.768383569106821,1.3661276720759927
2012-11-02,1.5856549749906792,0.7734759397976511,1.3654256971771823
2012-11-09,1.6002771293149596,0.7734229972346213,1.3653802735589446
2012-11-16,1.5951150021315934,0.7717234339304262,1.3663829703933021
2012-11-23,1.6159895460046987,0.7766156294701553,1.3616986641666717
2012-11-30,1.6175656877208664,0.7702107073969242,1.3654338900401795
2012-12-07,1.601444745909927,0.7697161505012826,1.3652566958019934
2012-12-14,1.6087445790792219,0.7731129537646753,1.366149871950904
2012-12-21,1.6214935868753657,0.774268164612249,1.3671246606162586
2012-12-28,1.6325338016651159,0.7784291127106531,1.3679965189736998
2013-01-04,1.6432549438288149,0.7813829726351518,1.3688520439891194
2013-01-11,1.658042926552549,0.789572107436276,1.3668470760942395
2013-01-18,1.655550616182968,0.7903263042691941,1.370904309990232
2013-01-25,1.6657161248873449,0.795369216043174,1.3712847721503127
2013-02-01,1.663678472649423,0.7905037870076953,1.3706258193691152
2013-02-08,1.662061938955527,0.7884173724019304,1.37025815410541
2013-02-15,1.658842930939619,0.785989295773172,1.3707839073253059
2013-02-22,1.679133742938744,0.7817931545845825,1.368338970070184
2013-03-01,1.6778466232543963,0.7802930487693359,1.3714945354875645
2013-03-08,1.6850010614074382,0.7877019996386331,1.3706733747699396
2013-03-15,1.6793548188748657,0.7855441703165764,1.372156748659212
2013-03-22,1.6828853361653175,0.7823426189454417,1.3700524369896405
2013-03-29,1.6853444495054435,0.7786393681100974,1.3734953783642878
2013-04-05,1.7064700868834137,0.7790962769263574,1.3741183407173487
2013-04-12,1.7165138640131394,0.7794024815361497,1.3721938992527474
2013-04-19,1.7503106124783703,0.7947972186951554,1.3752305378845189
2013-04-26,1.7279683631510103,0.7809612700852351,1.3750047052136962
2013-05-03,1.717132162046614,0.7743906306408236,1.3724704979855802
2013-05-10,1.716273288168254,0.7690003944548486,1.3692531782102195
2013-05-17,1.7075763322501145,0.7606771015825781,1.3674413545233168
2013-05-24,1.677038833431197,0.7499728336133625,1.3634260159563258
2013-05-31,1.6820534179795765,0.7456812820955915,1.3601832142648649
2013-06-07,1.6769891625154614,0.7432521724699367,1.3589512217560746
2013-06-14,1.6862685078582431,0.7496102305564001,1.3617071193624766
2013-06-21,1.6776807977772872,0.7466911815991405,1.359481571690956
2013-06-28,1.6904682452976207,0.7491681319934784,1.3608788085206245
2013-07-05,1.6853154172488651,0.7553364756789699,1.355669188935497
2013-07-12,1.690290128489325,0.7528548021671813,1.3613928002676976
2013-07-19,1.660434644968738,0.7375164887584119,1.362761993482664
2013-07-26,1.669642099452653,0.740899251136698,1.3615184307600559
2013-08-02,1.6764632872829455,0.7427553708927724,1.361795153070637
2013-08-09,1.6617063334068074,0.7366028711472703,1.3639634637471472
2013-08-16,1.6825210360119527,0.7471745966383556,1.3615069717235282
2013-08-23,1.6866983776260187,0.7485052184214729,1.3619911058767273
2013-08-30,1.6759031458743059,0.741969852026595,1.3637176048271162
2013-09-06,1.683631205023064,0.7499460275432959,1.3613080608417478
2013-09-13,1.6806505190675036,0.753598605808349,1.3618622223008343
2013-09-20,1.6791240360247046,0.7545748508933948,1.362832724345408
2013-09-27,1.6759573588678465,0.7573484413653853,1.3642789112917848
2013-10-04,1.6767240251559459,0.761872937670978,1.363791728379552
2013-10-11,1.6688831299500633,0.7518910225964551,1.3651029285323693
2013-10-18,1.6811902878967537,0.7555019941412103,1.3631167296955042
2013-10-25,1.667389046340842,0.7525427847104436,1.3655334078912538
2013-11-01,1.6594062678787196,0.7488320992347541,1.3632013788978128
2013-11-08,1.6653435283616258,0.7518878051080699,1.3612020914400735
2013-11-15,1.6650642834127642,0.7529399266214721,1.3613931494864056
2013-11-22,1.6639353454198145,0.7548145809124354,1.3580148486290116
2013-11-29,1.6626028997144908,0.7478672926892954,1.3533867890121267
2013-12-06,1.6707017720917252,0.7511003245363478,1.353980257061648
2013-12-13,1.6602738630509624,0.7460029244842407,1.3539546792018013
2013-12-20,1.6631941218246042,0.7433927011852857,1.353517098261788
2013-12-27,1.6690676878459798,0.741961923332567,1.3526597394752344
2014-01-03,1.664909102248953,0.7400495479689894,1.3507136610875645
2014-01-10,1.686768783684436,0.7505746287772865,1.3511938960637695
2014-01-17,1.7086145222695723,0.760710791333641,1.3512223479510823
2014-01-24,1.7244500655679162,0.7658549294825983,1.352796573846484
2014-01-31,1.752849928114686,0.7813081195439449,1.3570604324314108
2014-02-07,1.7476654427973493,0.7782753344871551,1.3571539987881065
2014-02-14,1.7507545353864984,0.7789631086321428,1.3583708019153733
2014-02-21,1.7510648056012406,0.7795251386960261,1.3604380154034548
2014-02-28,1.7530116473972175,0.779498680410141,1.3607391858621185
2014-03-07,1.7495351437479145,0.776527563110623,1.3576141279349703
2014-03-14,1.7755367799153552,0.7890899014219082,1.363245187531762
2014-03-21,1.7652824480066547,0.7836229698025761,1.3599894996573467
2014-03-28,1.7769573785341022,0.7888055646572906,1.3623237192647597
2014-04-04,1.7780726325480753,0.7906033271261271,1.3655331846944558
2014-04-11,1.7896935100358302,0.7956227964643238,1.3688760058380924
2014-04-18,1.7645103605285897,0.7867200593569107,1.3700361075416732
2014-04-25,1.7809971922108405,0.7926924331504981,1.372417648545582
2014-05-02,1.7683630780773425,0.7901881313008499,1.3682213639880483
2014-05-09,1.7623140945360358,0.7870319935224324,1.3688102635963677
2014-05-16,1.757264426079843,0.7883890834127715,1.3680765650929172
2014-05-23,1.7584893619485296,0.7910038737430678,1.364850556817832
2014-05-30,1.752075649667795,0.7886105536937221,1.3662226114652598
2014-06-06,1.7721296964318192,0.7950148283877015,1.365596949505139
2014-06-13,1.7494765355825892,0.7868893739326253,1.363882925753499
2014-06-20,1.7339810002540847,0.7849269033292271,1.3679290745862558
2014-06-27,1.7426678701196356,0.7892157271687564,1.3676109866387904
2014-07-04,1.7350510273288633,0.781010646923638,1.361836552333828
2014-07-11,1.743996086134207,0.7798233825964901,1.3624622649397025
2014-07-18,1.735070336094767,0.776408062174861,1.3599104084260771
2014-07-25,1.7239339684759682,0.7742087415904626,1.3583824657692645
2014-08-01,1.7214174385133933,0.7734928074919847,1.3574665941487067
2014-08-08,1.7181222987186302,0.7697080757732255,1.358828006802675
2014-08-15,1.7150843591735576,0.7693324680919605,1.357974023843006
2014-08-22,1.712649797569638,0.7697198941043004,1.3553224213148187
2014-08-29,1.7170306287534005,0.7690969100704509,1.3569796540215484
2014-09-05,1.7087592358972419,0.7655011352162,1.3580603528501085
2014-09-12,1.7143836472700271,0.7696105084668776,1.3523037257479507
2014-09-19,1.716217496559753,0.770433748753009,1.3530013232774116
2014-09-26,1.7298431742129328,0.7765505037299758,1.3540941375546938
2014-10-03,1.6994571285648037,0.7608483434742102,1.3520961304192052
2014-10-10,1.663254692933125,0.7442962512275819,1.3545447571356901
2014-10-17,1.6735333632001625,0.7460196693173098,1.3602114333093136
2014-10-24,1.6702079238658403,0.7439848469557023,1.3570855209282888
2014-10-31,1.6673408439806598,0.7433850908926349,1.3530817882822495
2014-11-07,1.6744124417672512,0.7469834610929554,1.3538694793681523
2014-11-14,1.6663350105613195,0.7425917744685817,1.3490963093695685
2014-11-21,1.6786964389834402,0.7463664377775833,1.3534625042153956
2014-11-28,1.655201414080401,0.7380918158543117,1.3444113110345286
2014-12-05,1.6582115610442392,0.734182213912803,1.3442881261825061
2014-12-12,1.658209844966123,0.7385134699274368,1.343722827096668
2014-12-19,1.6423388530627954,0.7270508920853822,1.348515691550331
2014-12-26,1.6182430214371495,0.71828269572055,1.3510131280503128
2015-01-02,1.6280589120838445,0.72126826522119,1.351158138054038
2015-01-09,1.6375849360058339,0.7246268743638564,1.349567252966331
2015-01-16,1.6146171394379054,0.7156405237495972,1.3561835723597429
2015-01-23,1.6073881940473584,0.7112454485895271,1.353820206246909
2015-01-30,1.6149730169193475,0.7133227165213383,1.359122814020368
2015-02-06,1.6063562279423675,0.7001090125862403,1.354899662509092
2015-02-13,1.5855459024772058,0.6873615150494976,1.3487496061199271
2015-02-20,1.5973568953612618,0.6955524010721692,1.348439965739557
2015-02-27,1.6005388245193042,0.6975119343077603,1.3467092361329878
2015-03-06,1.6031941250489716,0.6989455650585965,1.3411770757260393
2015-03-13,1.615195102646696,0.7041776389149306,1.3415367969811385
2015-03-20,1.6406963186974826,0.7152954203387828,1.3405822072118507
2015-03-27,1.6318962411343945,0.7116394805570644,1.342929294927495
2015-04-03,1.608841749477965,0.7041663714769072,1.346440575005719
2015-04-10,1.6330196307708709,0.7133126178493266,1.3447977731047114
2015-04-17,1.629313272687911,0.7161868574449431,1.347465725858187
2015-04-24,1.6344730298093624,0.7184695474151753,1.3448539114879743
2015-05-01,1.640677249538129,0.720018126770488,1.3463171673726126
2015-05-08,1.6456371730482884,0.7153213983989222,1.3441965876713633
2015-05-15,1.6470823603473936,0.7133007186393254,1.343205225852353
2015-05-22,1.660079985773527,0.7180207058291247,1.3406165174438915
2015-05-29,1.6665474282642785,0.7206251858379027,1.3392723508137825
2015-06-05,1.6734375122077636,0.7207385983402691,1.3342982504328305
2015-06-12,1.671938674978321,0.7192342995924806,1.3339822469274671
2015-06-19,1.6816334762857044,0.7249883673895852,1.331380531739956
2015-06-26,1.683999343736169,0.7263706676219355,1.3309957291852066
2015-07-03,1.677176931115353,0.7221919944545229,1.3329055552585964
2015-07-10,1.6561460710770814,0.7124782852107435,1.333517139092007
2015-07-17,1.6493058257733952,0.7130348816946053,1.3229939507475275
2015-07-24,1.6239280439479424,0.7027980270132768,1.3171505754140165
2015-07-31,1.6116932354128042,0.6977342770365251,1.32234673307919
2015-08-07,1.6014833039197,0.6927913440006902,1.3228811598087147
2015-08-14,1.6051044995511055,0.6937785443678962,1.327622740059037
2015-08-21,1.6083573904011448,0.6954325858481076,1.32961840407101
2015-08-28,1.602725794269273,0.6937942789901898,1.3273069638910455
2015-09-04,1.5967612837921215,0.6898147159306374,1.3267285902121408
2015-09-11,1.6008894353039227,0.6945369783654044,1.3220893685045048
2015-09-18,1.617140110242709,0.7014785790744699,1.3245038195175136
2015-09-25,1.6232889487269861,0.6923237517171323,1.3243348591378634
2015-10-02,1.609332406660347,0.6892961794607354,1.328047194859848
2015-10-09,1.5766511618241685,0.6722758692014742,1.3344093038414606
2015-10-16,1.5717119940071553,0.670474929072071,1.3312056685112545
2015-10-23,1.6004980863202622,0.6825167821209692,1.3249855187732122
2015-10-30,1.616424198086162,0.689632083414083,1.322114657048297
2015-11-06,1.6036620171232416,0.6871340793420823,1.3151291119575808
2015-11-13,1.6094650279083746,0.6873571651974325,1.3221758269901565
2015-11-20,1.6092018046065981,0.686862697098073,1.3173058612402242
2015-11-27,1.6218602892095964,0.6921292798210011,1.317781312986652
2015-12-04,1.6022619792931891,0.6800350490813155,1.3127393232180837
2015-12-11,1.600675759859528,0.6850403154752605,1.31303921098403
2015-12-18,1.6051846957497553,0.6822702570250703,1.3121186050529678
2015-12-25,1.5990123626800057,0.6825922015021805,1.3152872678858274
2016-01-01,1.5987446133047418,0.6813153059190861,1.3146905484314722
2016-01-08,1.5625983431300068,0.6625338635541255,1.3196288519497992
2016-01-15,1.5563203756371473,0.6583833379848932,1.318591609059541
2016-01-22,1.557013933433025,0.656113217964628,1.3173684765568363
2016-01-29,1.5331714570672095,0.642395494343081,1.3213226723071423
2016-02-05,1.5469330040677767,0.6595280672520433,1.3387203623841968
2016-02-12,1.5506417728624802,0.6624016601828072,1.3359202543013278
2016-02-19,1.5591408762464776,0.6608605953114196,1.3325741965112614
2016-02-26,1.5818621064790508,0.6691269456666665,1.3327898434707288
2016-03-04,1.6000106774379195,0.6705946431939044,1.335227625926442
2016-03-11,1.5953822649598635,0.6729052559294215,1.3381733541559613
2016-03-18,1.610080714458533,0.6759016405971826,1.3417283840412353
2016-03-25,1.6000806353912,0.6717222927005196,1.3393709386771129
2016-04-01,1.5987920093851313,0.6670793295529807,1.3352805759740087
2016-04-08,1.5973922150741788,0.670451023719911,1.3374434342051345
2016-04-15,1.5978499810706541,0.6680499914704008,1.33833141626075
2016-04-22,1.5615519266942828,0.653546961861394,1.3409881227652933
2016-04-29,1.556205298541806,0.6503245001458333,1.3514744984343676
2016-05-06,1.5794114479856713,0.6569060879918921,1.3481996748188931
2016-05-13,1.5719221866965807,0.653369360592812,1.349238524387655
2016-05-20,1.5897074816481052,0.6613107409484508,1.3461838076546973
2016-05-27,1.6018807063529343,0.666285414171501,1.3416746121888368
2016-06-03,1.5788168572670758,0.6543183800176559,1.3466879728801666
2016-06-10,1.578643447806398,0.6538279068617276,1.3501019450954486
2016-06-17,1.5757726214651804,0.6526388946245122,1.3553357287404952
2016-06-24,1.5718414080790017,0.651010701112365,1.356505346405422
2016-07-01,1.5551820373344596,0.6436663368727249,1.353716179662712
2016-07-08,1.5458065787478728,0.6378999371031924,1.3512552430763625
2016-07-15,1.5534171938040604,0.6413278810216264,1.350941280868894
2016-07-22,1.5370864336836545,0.6331506841552796,1.3471539351998738
2016-07-29,1.5206537333214756,0.6244958923082513,1.3436067166255434
2016-08-05,1.5212560501636012,0.6239771561806327,1.3383095461967909
2016-08-12,1.5203322532335932,0.6288815141421357,1.3396530091298502
2016-08-19,1.5309505289303402,0.6314732975886486,1.3423948062004967
2016-08-26,1.5192673138238384,0.6269088637995344,1.3383144554548012
2016-09-02,1.512469015852333,0.6223591454901545,1.3389593697661137
2016-09-09,1.5263440606165983,0.6290759927463432,1.3383907093678622
2016-09-16,1.536859246019867,0.6301348007929917,1.3348418295947049
2016-09-23,1.5531411461897209,0.6342269928079605,1.3367397557505978
2016-09-30,1.5088567092661866,0.6236156011905151,1.3373274310385672
2016-10-07,1.5053287204154373,0.6256868567572615,1.3330459920767612
2016-10-14,1.5065270079915607,0.6277791733540278,1.3342830988235717
2016-10-21,1.5021926390136326,0.6262658381531581,1.3356179212515638
2016-10-28,1.5098593349486502,0.6284674870810211,1.3384172858693453
2016-11-04,1.5073698954576007,0.6264816171546118,1.3414594396815955
2016-11-11,1.5617468965032126,0.6507960241507947,1.3364517019726387
2016-11-18,1.577320924929629,0.6620332627756547,1.3354831181375832
2016-11-25,1.5923397473604508,0.667599949245854,1.3389309392022182
2016-12-02,1.6040865070082042,0.6689498576971025,1.345324452631721
2016-12-09,1.6028514458262475,0.672396220636392,1.342177614582702
2016-12-16,1.5970955118948995,0.6711268898829642,1.342038878539941
2016-12-23,1.5937875705261217,0.6714924897527174,1.3407894057841476
2016-12-30,1.6006713465270903,0.674261050150802,1.3401422198035826
2017-01-06,1.5990900594487778,0.6787904774790556,1.339055548107095
2017-01-13,1.5934243174211191,0.6838486224948502,1.3369471786821545
2017-01-20,1.5937034510865276,0.6819589053405632,1.3395344938449418
2017-01-27,1.5739842284899557,0.6813473158543412,1.3397199951891186
2017-02-03,1.5887593129060895,0.6854069486966072,1.3380159942568113
2017-02-10,1.5867841196673964,0.6859302616798296,1.3360105249468657
2017-02-17,1.5932367945251138,0.6905720358189723,1.3311618390010194
2017-02-24,1.6090921076070215,0.6939559766492617,1.3321499524807012
2017-03-03,1.6008892897757412,0.6904110321644349,1.3319569346215292
2017-03-10,1.6049678976055604,0.6957361013694074,1.3272270084760596
2017-03-17,1.612540905835724,0.6989032359676896,1.3294685343353905
2017-03-24,1.6157626086787318,0.6965431252519317,1.3313242154161389
2017-03-31,1.6340191401940534,0.7042048270247696,1.3299219657322006
2017-04-07,1.6320279988204835,0.7025909263281666,1.3321311173697883
2017-04-14,1.6286865848379246,0.6976993668977851,1.3323312661632223
2017-04-21,1.6226806224873822,0.698739426841299,1.3297726624431578
2017-04-28,1.6373772097897925,0.7065875179693073,1.3274627367313636
2017-05-05,1.6348076278421824,0.7074824061848987,1.3245413225977436
2017-05-12,1.6359125010175917,0.7072606002108495,1.3230723765460102
2017-05-19,1.6303795074863092,0.706950905504828,1.325074811550992
2017-05-26,1.6198966556193999,0.7055121558018489,1.322761290418616
2017-06-02,1.6017858626707784,0.6991350697651957,1.3211777582045996
2017-06-09,1.6130890158032334,0.7056301217544397,1.326051246809636
2017-06-16,1.6256610494368824,0.7127371357307374,1.3277449510664086
2017-06-23,1.6336082043126623,0.7157449339580915,1.3198437662253224
2017-06-30,1.630564800601208,0.7055402337301485,1.3221128980986037
2017-07-07,1.6388919436095002,0.7069733162003121,1.3202668258955021
2017-07-14,1.6232542108868533,0.7051806065267257,1.318567292332634
2017-07-21,1.626851765757991,0.7086656140123172,1.318280123202142
2017-07-28,1.6146382268826125,0.6994923628748083,1.3189724106682563
2017-08-04,1.6284005993981532,0.7018208801573184,1.3172200247324737
2017-08-11,1.643024083724076,0.7103162990443436,1.3173846057128447
2017-08-18,1.6536730415289447,0.7119411152553328,1.3181973877884576
2017-08-25,1.647720022706612,0.7122769962417542,1.317950386897124
2017-09-01,1.6355018237100019,0.7174075916424061,1.3155390110298635
2017-09-08,1.6426830410941324,0.7236873601284203,1.319362527967864
2017-09-15,1.6479156794356855,0.720530445599719,1.3204406442284988
2017-09-22,1.673268499621415,0.7240156971077586,1.320168731499116
2017-09-29,1.683714129688609,0.7246235875931474,1.3194115311172567
2017-10-06,1.6973944388766071,0.7289949071817816,1.317047695402704
2017-10-13,1.6840544755906666,0.727340745963964,1.3181086351192384
2017-10-20,1.706198792066532,0.7365427820404452,1.3162065507901497
2017-10-27,1.7134635599641521,0.7410954580477159,1.3130526892365997
2017-11-03,1.722066904592431,0.7455890261387274,1.3111844129166028
2017-11-10,1.6928708660449383,0.731928956134346,1.3122094257219417
2017-11-17,1.67679158938057,0.7295413929720789,1.312163241067937
2017-11-24,1.6871892081487183,0.7340410552871158,1.3094622800404767
2017-12-01,1.710902067036355,0.7328720726025465,1.3139418688036457
2017-12-08,1.7320081970461314,0.7380291154596841,1.3135427528841652
2017-12-15,1.7319133615297007,0.7434593387039424,1.3086950190770574
2017-12-22,1.7924581008945273,0.7563145120109137,1.3099810133748429
2017-12-29,1.7965265546046543,0.7553629620810302,1.3125329963798404
2018-01-05,1.831081402037314,0.7711164541881321,1.3085450049001461
2018-01-12,1.8559053338666507,0.775862181172233,1.3066522539929664
2018-01-19,1.841228243176169,0.7763410495005776,1.3018192837863096
2018-01-26,1.8201731405511106,0.7684822348812543,1.2994371790928554
2018-02-02,1.7944315930620023,0.7576974256050858,1.2973674568619102
2018-02-09,1.7715566429894025,0.7489265576408352,1.2990126461042073
2018-02-16,1.7567201082038093,0.7457519679072541,1.2926481912472971
2018-02-23,1.7433553732198823,0.7413579746409676,1.2910547421874665
2018-03-02,1.7547253599911548,0.7485199950695086,1.2865208946013842
2018-03-09,1.7443508809750863,0.7393408808156261,1.2802263636097897
2018-03-16,1.729601130993214,0.7428392402089392,1.2815421220324017
2018-03-23,1.7398872615847472,0.7507266780133534,1.2941210844098194
2018-03-30,1.7417650959786246,0.7578370796636745,1.2959476309989002
2018-04-06,1.743336448806849,0.7571929147997656,1.299129103311409
2018-04-13,1.7189106517740769,0.7343523727883974,1.2968678690557989
2018-04-20,1.7154193686109593,0.7254650935960562,1.2994630785980585
2018-04-27,1.729862436968145,0.7256048763437172,1.300446694622456
2018-05-04,1.6982937684779376,0.7106551756819972,1.294803522579829
2018-05-11,1.714880754319949,0.711655900224199,1.2860110553886148
2018-05-18,1.748371093855655,0.7169793064968861,1.2919745742778843
2018-05-25,1.7183296991420254,0.7119128979353863,1.2882367378246242
2018-06-01,1.7293188025243356,0.7177590433329788,1.2848332680008172
2018-06-08,1.724516168541145,0.7128226265841724,1.281491780514886
2018-06-15,1.7230112896743308,0.7219334769168537,1.2821277396837099
2018-06-22,1.7085699180874474,0.7191606266537527,1.285360738578862
2018-06-29,1.7036129061061036,0.7169925569287704,1.2928731494698023
2018-07-06,1.7315162741012295,0.7306042411556843,1.2893271466106109
2018-07-13,1.7282584482069085,0.7276898561085121,1.284065965019073
2018-07-20,1.7368308492196016,0.7277635309052003,1.2828474529569798
2018-07-27,1.7014523682793985,0.7131884597103881,1.2889068421678476
2018-08-03,1.7155063888927402,0.7145920423887702,1.2852135270378315
2018-08-10,1.7207928679962332,0.7207126947500094,1.281431411567464
2018-08-17,1.7399829923139793,0.7224139392067196,1.2816305062717064
2018-08-24,1.7352983320237279,0.7212902899907081,1.2791965661312752
2018-08-31,1.748305905194799,0.7254104638328789,1.2730680904662357
2018-09-07,1.749055577313755,0.7200827637648318,1.2794737391408937
2018-09-14,1.7389331641718424,0.7196352085516842,1.27830568842452
2018-09-21,1.7159687304918865,0.7107003775250382,1.2808716826001485
2018-09-28,1.7063925044074684,0.7106913669025506,1.2720320900344313
2018-10-05,1.691713775975437,0.706150063205326,1.280627577617673
2018-10-12,1.7168349443579618,0.7092176280662139,1.2795004482752113
2018-10-19,1.7423045737145608,0.7095988757744871,1.2802628803238725
2018-10-26,1.789228021179382,0.7267276715476129,1.2798316381974248
2018-11-02,1.757876126232087,0.715155993599846,1.28277789273347
2018-11-09,1.7467236145226672,0.7125937395693103,1.2865443391613143
2018-11-16,1.7337227012194631,0.7156453890770209,1.2891796351485567
2018-11-23,1.7074395916745555,0.7137854614176062,1.2943181716461778
2018-11-30,1.7192040740480385,0.7141700177014363,1.287835694641118
2018-12-07,1.691644309035088,0.7010731361757759,1.291258313194107
2018-12-14,1.688821517274415,0.702681431206214,1.2896366631507379
2018-12-21,1.6638378925594544,0.696280669941508,1.2951597446022287
2018-12-28,1.6966130964616029,0.7075874734517704,1.2874079921657917
2019-01-04,1.710811367536034,0.7051704781720587,1.2882994347719945
2019-01-11,1.720519708145626,0.7038898169657348,1.2853671918046659
2019-01-18,1.744357595949314,0.7080793189574708,1.2823043031352237
2019-01-25,1.7514285721403575,0.7100637947669027,1.2805137476544737
2019-02-01,1.7257670023793654,0.7037924997289111,1.2814357886707726
2019-02-08,1.7260008970140144,0.7024590168791374,1.2792790936958944
2019-02-15,1.7386127308521881,0.7045582849761508,1.2813822669477177
2019-02-22,1.7344175619856363,0.7071794305684154,1.2835851178918558
2019-03-01,1.7423900205359542,0.7063183045797973,1.2804834242895036
2019-03-08,1.7243139022472806,0.7032951447465817,1.2814945436991187
2019-03-15,1.7522130316105087,0.7065510194414514,1.2765483222055078
2019-03-22,1.7296898304337527,0.6912116827016496,1.2758238317052744
2019-03-29,1.7354590666376688,0.6961697707016656,1.2793636268903334
2019-04-05,1.7419708065635686,0.7090480308921073,1.2767688205191154
2019-04-12,1.7510452197611204,0.7194588675086208,1.2748188977587778
2019-04-19,1.7458300180990884,0.7248562092999716,1.2731738301447297
2019-04-26,1.7727096204980988,0.7247158985627423,1.2652178926493836
2019-05-03,1.777100692152276,0.7160371849869295,1.264048494928609
2019-05-10,1.7605611197740165,0.7138095259010768,1.2675090214504605
2019-05-17,1.7427846252447945,0.713945769970423,1.2689815674481943
2019-05-24,1.733568495690778,0.704981207541082,1.2704070935036333
2019-05-31,1.7223033522600526,0.7030509809164013,1.2692890426463381
2019-06-07,1.7467261676987273,0.710388501680504,1.2768424112176908
2019-06-14,1.7367205536823638,0.7143593795966117,1.2763913219083445
2019-06-21,1.7215955934506166,0.7041275767717188,1.2737634631343953
2019-06-28,1.741485938884353,0.7119463992610325,1.2758318053091509
2019-07-05,1.751587091660317,0.7223068562249808,1.2686202227458416
2019-07-12,1.7282071953150704,0.7183197472190911,1.2671561734390862
2019-07-19,1.7357740661544057,0.7200031735622441,1.2703775874485432
2019-07-26,1.740509443576944,0.7236563767722557,1.2617707294867975
2019-08-02,1.7412746251410616,0.7193098672361531,1.2661833843411001
2019-08-09,1.7419789438262165,0.7222346256085813,1.2671984274894101
2019-08-16,1.721120670754878,0.7175050221329746,1.2651213073776784
2019-08-23,1.7209329328624219,0.7179321215890001,1.2659699911018343
2019-08-30,1.7120504269409076,0.7148512148238232,1.2660262516081535
2019-09-06,1.6955752751676996,0.7077195609529762,1.2629130309973988
2019-09-13,1.6755386696546162,0.7153490577361836,1.2686291905301237
2019-09-20,1.6820731296867868,0.7190318282125231,1.2714493746378168
2019-09-27,1.7101054964852378,0.7240276109054209,1.2755806527859996
2019-10-04,1.7408658601290836,0.7236844648580639,1.2678247731605004
2019-10-11,1.7368851745698652,0.7252028576608055,1.2665301933929936
2019-10-18,1.7489608319317407,0.7340210041431696,1.2633064612097364
2019-10-25,1.7526854905242422,0.730932048507519,1.2657780788639856
2019-11-01,1.7849286743995778,0.7399174211182377,1.2611547001100372
2019-11-08,1.8199237599388873,0.7566351998683213,1.2582790143259288
2019-11-15,1.8135503659866754,0.7480309196352654,1.2553057306921915
2019-11-22,1.8114489786207237,0.752861555361993,1.2545516915415782
2019-11-29,1.809932888447817,0.7433218575105337,1.2506715282004663
2019-12-06,1.8053826868804734,0.7494156128823803,1.2516365334729374
2019-12-13,1.8179111871101243,0.7487325639290422,1.2523119194122037
2019-12-20,1.8266173281963771,0.7476422721872337,1.2525144823721657
2019-12-27,1.8315490868529072,0.7463693405758148,1.250105286949397
2020-01-03,1.860659345355927,0.7608186148054797,1.2474264204991292
2020-01-10,1.8547565434441893,0.7620813319704958,1.2398756685838466
2020-01-17,1.8345495796727387,0.7519690103516486,1.2381368948086384
2020-01-24,1.8141879740154756,0.7398848425301964,1.2351667264079795
2020-01-31,1.8061563788355695,0.731124597938218,1.235378515835243
2020-02-07,1.7851777854617306,0.7284095918588873,1.2276416619663066
2020-02-14,1.781147591138436,0.7320808105262092,1.225455090020286
2020-02-21,1.7872318289041769,0.7352410453579277,1.2296256226107094
2020-02-28,1.7742348316161378,0.7237497664626183,1.2169080774892858
2020-03-06,1.808455598736018,0.7416542079270861,1.2244040820671684
2020-03-13,1.8583579670772066,0.7088995266178516,1.1972197594361178
2020-03-20,1.9565919038840678,0.7353581167002043,1.186940067145635
2020-03-27,1.8772738385254533,0.7167778492458189,1.1966653921402484
2020-04-03,1.9080436760871093,0.7381820381595752,1.1969652604721983
2020-04-10,1.8939695285939961,0.7306672208279411,1.2161927259284484
2020-04-17,1.852328658563001,0.7169327580430709,1.1981065873870316
2020-04-24,1.8716246963508394,0.7239542777392249,1.1967341955628985
2020-05-01,1.9043322340932496,0.7340870308960865,1.1972682382839879
2020-05-08,1.934006534324923,0.7420645686865895,1.1936113662305567
2020-05-15,1.8777846477648812,0.724436695584937,1.1827423079290083
2020-05-22,1.9471714356454652,0.7480048649891965,1.1883547688100555
2020-05-29,1.9640900232377145,0.7550056035524493,1.19807059991005
2020-06-05,2.0135164348374612,0.7434271901157113,1.218954034244548
2020-06-12,2.006896101869029,0.7483318992371419,1.200585080461456
2020-06-19,2.0396270188585968,0.7656556943561864,1.1923353314573906
2020-06-26,2.062465634801083,0.7713502480925661,1.1847308480027898
2020-07-03,2.0839545332224656,0.7787107797450087,1.1821595851984918
2020-07-10,2.1113154610988656,0.7890974935852604,1.1663483505223549
2020-07-17,2.125147283636421,0.7930747568413792,1.186718355325431
2020-07-24,2.0933590475010906,0.7845507527842758,1.1948897364673496
2020-07-31,2.1077583271990137,0.7869415278945087,1.1757386582510683
2020-08-07,2.1436312470160823,0.8026518908454482,1.1757724606250297
2020-08-14,2.1783944095823555,0.812931553095546,1.1818583373174336
2020-08-21,2.167459584700028,0.802855858182712,1.1625238079868827
2020-08-28,2.2017479641843156,0.809243529297202,1.1530367434130282
2020-09-04,2.1509129643435854,0.7985206392926962,1.1622677236903551
2020-09-11,2.0888011907352246,0.772809452796269,1.1700619154285241
2020-09-18,2.1214705306984416,0.7814376696398895,1.1794403079156415
2020-09-25,2.0631967189030522,0.7594073876259453,1.1615414359835108
2020-10-02,2.027216069244939,0.7430868134789338,1.16080257636026
2020-10-09,2.041213842530963,0.7486360078970221,1.1634702965050145
2020-10-16,2.030024348596852,0.7431160954818389,1.1611403040754125
2020-10-23,2.016642958753482,0.7387317871810336,1.1643150010966685
2020-10-30,1.9855556833768118,0.7315537905585443,1.1658238511048697
2020-11-06,1.9925241157607454,0.7333885057837098,1.1490783992622513
2020-11-13,2.079493399993736,0.771931228060709,1.1757123007016217
2020-11-20,2.14273484975346,0.7964362501937642,1.1838926900131703
2020-11-27,2.217952574091365,0.8165009165278014,1.1894217218559298
2020-12-04,2.252828972197124,0.8273049280568133,1.1839584051525174
2020-12-11,2.2468600752814982,0.8331558696418866,1.187064209601598
2020-12-18,2.239656542047321,0.8100310401057691,1.17995954602659
2020-12-25,2.262497713266957,0.8083323990783066,1.175568906911462
2021-01-01,2.2474847778065405,0.8051704602271118,1.1742418944967943
2021-01-08,2.323782883214285,0.8281951428728802,1.1884937602958363
2021-01-15,2.3502937573967926,0.8540436679956296,1.19968949816691
2021-01-22,2.3626665737243235,0.8329084521535074,1.17824652129299
2021-01-29,2.370896812736996,0.8282904171229705,1.174667314110074
2021-02-05,2.3426730293209417,0.8331405265340041,1.171866711290794
2021-02-12,2.3796927157244414,0.8536756808084541,1.1708175912550436
2021-02-19,2.351855141137792,0.8597128302816701,1.1787920471246307
2021-02-26,2.3616201134966306,0.8784176169872765,1.1864767920481551
2021-03-05,2.3388694587651,0.8714215356832143,1.203482686493157
2021-03-12,2.310276172509865,0.8642704434777452,1.2093185425356845
2021-03-19,2.306963483977456,0.8519708878633063,1.204063062934594
2021-03-26,2.292773287130191,0.8411420337023442,1.2105163984079284
2021-04-02,2.3243194748991067,0.8540179571223179,1.2014758361175968
2021-04-09,2.4034139515800583,0.871044886775484,1.1858871717467523
2021-04-16,2.3925859078722547,0.8680783823763893,1.190729448573519
2021-04-23,2.3906569889709184,0.8637229647486243,1.1893768197965031
2021-04-30,2.383759960664223,0.8622766884378603,1.1927220461560568
2021-05-07,2.410185393325509,0.8821759597534318,1.2100951470884629
2021-05-14,2.406339881032713,0.887854614588912,1.2166711977970164
2021-05-21,2.3857837349301687,0.8766353035921403,1.2130268130771937
2021-05-28,2.371964936638125,0.8713179638932493,1.2058233719835967
2021-06-04,2.373082076981344,0.8886068189486283,1.210874730434692
2021-06-11,2.3635842831689624,0.8770503177588678,1.2035127247092265
2021-06-18,2.3920260709271113,0.8708195955851326,1.187721660544931
2021-06-25,2.3413680637516374,0.8700007110060649,1.1906783612408949
2021-07-02,2.3756397937640124,0.88510353185272,1.1816270958472634
2021-07-09,2.404069082319834,0.8929234828489859,1.1760858114044543
2021-07-16,2.470339359729335,0.895826817735415,1.170950047194491
2021-07-23,2.4798813561044843,0.9110830077966738,1.1608281373181635
2021-07-30,2.447555203659665,0.9147285058138191,1.1695744358982383
2021-08-06,2.428221272348874,0.9036728701097798,1.1687663608893004
2021-08-13,2.4019314892332133,0.8925590697485216,1.1738148655643548
2021-08-20,2.379233454200581,0.8750936982858923,1.1642419748546224
2021-08-27,2.4214410376536475,0.9013652937972478,1.1657164641637898
2021-09-03,2.4104196195005945,0.9001054900654345,1.1603827793697128
2021-09-10,2.4018417676015344,0.9014091118143458,1.161089095641678
2021-09-17,2.415217341714958,0.9122636227264409,1.160811128114358
2021-09-24,2.413946895526711,0.908810101861202,1.163387402516863
2021-10-01,2.4057612209552763,0.8912458733035962,1.1756137924139016
2021-10-08,2.396225946435754,0.88146612709322,1.1840908756279274
2021-10-15,2.3814073136520895,0.8754045023908688,1.185550322655632
2021-10-22,2.376844614157155,0.8755966431948985,1.1874769905362685
2021-10-29,2.369796132322048,0.8642912629000471,1.1789728325853288
2021-11-05,2.3555886565956525,0.8555020210088595,1.1766764482297078
2021-11-12,2.3857871282962635,0.8626284455774547,1.1777897365054524
2021-11-19,2.3939893570074546,0.8283169810058434,1.1665061446195175
2021-11-26,2.385192625001575,0.8369700283937475,1.175911997869037
2021-12-03,2.389547726887599,0.8317511500635196,1.1791297392117412
2021-12-10,2.3984399686947233,0.8305956447634499,1.1748907543978373
2021-12-17,2.348293205365627,0.8062886798938289,1.1805909666476813
2021-12-24,2.368155760576075,0.8091908265357841,1.1745042823360776
2021-12-31,2.342449261609574,0.8033780924717071,1.1812957856664563
2022-01-07,2.353065498005749,0.8522965357609146,1.2063507169964909
2022-01-14,2.3462703196214014,0.8597420444061645,1.2091573578854533
2022-01-21,2.3330777399363534,0.8700195652833332,1.2248531830659763
2022-01-28,2.357820798884638,0.8669381534302986,1.2194948150693814
2022-02-04,2.39173596780239,0.8673722431501454,1.2223122301446865
2022-02-11,2.3695275098703257,0.8457417077030016,1.2351690985525157
2022-02-18,2.3482317213871613,0.8426178263608042,1.2376981569029315
2022-02-25,2.3616441004568354,0.8560442392479309,1.2359429120332739
2022-03-04,2.3766893631251804,0.8481714692730286,1.2580813647069262
2022-03-11,2.354833848679429,0.8459433926194979,1.2656190715205862
2022-03-18,2.3315876862625293,0.8463846190298238,1.2452268847126056
2022-03-25,2.339246409851432,0.839216087187392,1.2537121933399789
2022-04-01,2.4042775287223908,0.8582523298522597,1.254774640454593
2022-04-08,2.4998882232253177,0.8846147047153146,1.2700188476476497
2022-04-15,2.538583924238909,0.894623520361742,1.2843091518045389
2022-04-22,2.5450794843019944,0.9017427468941719,1.2886250294817547
2022-04-29,2.5572355223253505,0.9070473563772898,1.292099255644323
2022-05-06,2.663739812773267,0.9334580000381762,1.3043176696384615
2022-05-13,2.6755428547575755,0.9432466795619076,1.3062176935367584
2022-05-20,2.623477983146776,0.9258542405473286,1.3130037614525427
2022-05-27,2.6385077609529044,0.9194957579779153,1.3149671462784553
2022-06-03,2.659032248223488,0.9204731201808349,1.316528439120945
2022-06-10,2.708465600662006,0.9332766749223994,1.3242430955397897
2022-06-17,2.7569628492838545,0.9581095955132074,1.3049903782646595
2022-06-24,2.851979371162103,1.0002190322720157,1.2887140573384168
2022-07-01,2.8881473498990475,1.0182045596980225,1.3061908297624283
2022-07-08,2.9260161332139094,1.012475036243239,1.285182263870356
2022-07-15,2.921250961464299,1.0173271772233394,1.2844946709612892
2022-07-22,2.9413904058266462,1.0122070020029628,1.2872861383988092
2022-07-29,2.941993175890623,1.0168346788015392,1.2945149618421785
2022-08-05,2.8896654151607097,1.0002746053810112,1.2827313464857983
2022-08-12,2.9204513912143124,1.0152220106712515,1.2889297814799605
2022-08-19,2.9298625600983073,1.0137452346365792,1.2977626867410923
2022-08-26,2.981346371877029,1.0337368698539482,1.314674650946895
2022-09-02,3.000081586960807,1.0231409032196475,1.3164547620027531
2022-09-09,2.981674492044617,1.0199303159128696,1.3162617597156607
2022-09-16,3.022459740034312,1.0214396735522882,1.32175440701558
2022-09-23,2.9419649545536304,0.9914647830008096,1.3174603231265487
2022-09-30,2.9579116729888857,0.9891365129155857,1.3216610430589728
2022-10-07,3.0210410999165744,1.0008842089483732,1.328658060536051
2022-10-14,3.041763819366143,1.0025784903565442,1.331537665804854
2022-10-21,3.0122589510332083,0.9909691784821634,1.3295597316739352
2022-10-28,3.016221772738423,0.9914911973075089,1.3401574841896697
2022-11-04,2.991515054410324,1.0008589518432485,1.3650241406329773
2022-11-11,2.9407522437417306,0.9674546442607467,1.3471484735479449
2022-11-18,2.969514435767896,0.9734531076214024,1.348841652184679
2022-11-25,2.986051471210783,0.9797722131180845,1.3522055044329777
2022-12-02,3.019638630220569,0.982523313371076,1.3479859387718582
2022-12-09,3.100964672762483,0.9927816553658738,1.348408137334945
2022-12-16,3.120593471025654,1.001407870724647,1.355864744064449
2022-12-23,3.1518693397880395,1.0100558282935967,1.3642221107263746
2022-12-30,3.1337134075200153,1.008472969068893,1.3629277185217707
2023-01-06,3.1427250859525007,0.9988137684793202,1.3647166273472742
2023-01-13,3.050576754010601,0.9834147178954882,1.3583067155001258
2023-01-20,3.018905598182646,0.9873970328972276,1.347743428499929
2023-01-27,2.926698700489425,0.9700044819655682,1.3381054905538223
2023-02-03,2.870774065957526,0.9523698692441377,1.3192316238250432
2023-02-10,2.8755732933363545,0.9574047345997472,1.3303823735345544
2023-02-17,2.9388235575543513,0.9754598714971403,1.3275065800860049
2023-02-24,2.884660820709857,0.9669222958640465,1.3358485648955314
2023-03-03,2.8161205050645037,0.9474727243490654,1.3332235010830036
2023-03-10,2.877018310799557,0.9742816305711404,1.3295507907406205
2023-03-17,3.002236107278557,1.0179755640043773,1.3046608665384702
2023-03-24,2.999440195235475,1.0125572407716839,1.2999977912051068
2023-03-31,2.999647347497044,1.0122422487746805,1.3067756693689156
2023-04-07,3.007034614205996,1.001177115433309,1.307735595315271
2023-04-14,3.0528302845936035,1.015962460765622,1.3110548252610177
2023-04-21,3.050255339417754,1.0140889293271405,1.3138929617055932
2023-04-28,3.0319263074696727,1.0126192974547408,1.3038834211153343
2023-05-05,2.9893273056471092,0.9960126570226283,1.299331129334672
2023-05-12,3.0011074299410985,0.9991877822583246,1.2920127403627542
2023-05-19,2.9465985654037525,0.997188521077475,1.27857276509142
2023-05-26,2.9535854584604735,1.0052528246613623,1.2592051786699627
2023-06-02,2.9791691388172716,1.0041553491253754,1.2594924565158367
2023-06-09,2.977984716837998,1.0001788269051728,1.2653365317304723
2023-06-16,3.00135077448762,1.0089391618022305,1.259941333149041
2023-06-23,3.025318531462249,1.0210733559767653,1.2570107517992775
2023-06-30,3.0236803465083617,1.0131253538055387,1.2602676939237072
2023-07-07,3.0411074032547667,1.0197739322264658,1.2604659734728627
2023-07-14,3.033507345728858,1.0167890422332675,1.2563036751905088
2023-07-21,3.0338158045941213,1.019483525820527,1.266902592966387
2023-07-28,3.0257653428192546,1.0090538923949206,1.2590916377791688
2023-08-04,3.0635305832286934,1.0169181611134883,1.264086434387009
2023-08-11,3.150460360945166,1.0346458376939476,1.2716687828446134
2023-08-18,3.166120107620087,1.030442425313178,1.2701203324970947
2023-08-25,3.146164186906017,1.0240875519651425,1.2624404937703086
2023-09-01,3.20291459183372,1.0292136947542776,1.2543367630201747
2023-09-08,3.167083369338216,1.036560890653361,1.258448180245739
2023-09-15,3.133952950788837,1.0407406359731528,1.265302256289109
2023-09-22,3.101447915838575,1.0322245213963483,1.2672243920412143
2023-09-29,3.0908785156037935,1.018129236928609,1.2610269346672847
2023-10-06,3.138951223911658,1.0171110332156785,1.2417244057039947
2023-10-13,3.1077625550191392,1.012206757285052,1.2480169368883849
2023-10-20,3.056890074760589,1.009264601340975,1.251850337832085
2023-10-27,3.124844157369995,1.042480741788703,1.2579296298976155
2023-11-03,3.180002566636215,1.0499486948037147,1.2487789926627209
2023-11-10,3.24403371306497,1.0578859736687642,1.2288695483047887
2023-11-17,3.2418208526739423,1.0561841652912116,1.2312126939020842
2023-11-24,3.2428767838162296,1.0573626480404248,1.2309896049385285
2023-12-01,3.215449515484674,1.0472948996574682,1.2375580766437473
2023-12-08,3.182462513237291,1.0350096433431428,1.228714669320968
2023-12-15,3.145093617356512,1.022388503835211,1.2317885990152526
2023-12-22,3.1370922029117985,1.0235483836285966,1.2279258817932128
2023-12-29,3.156546685886899,1.0240582832481988,1.2279525137642007
2024-01-05,3.205700612401247,1.0492681192154723,1.2386169827144267
2024-01-12,3.2105936163307547,1.0274029375199267,1.2184710720696446
2024-01-19,3.2000202404396556,1.007203145906801,1.1981718093525613
2024-01-26,3.141361365552224,0.9945758357081003,1.1967191507525554
2024-02-02,3.181152405406384,1.0082122658746369,1.1938335330640721
2024-02-09,3.188026385327699,1.009769139183665,1.1819125996569657
2024-02-16,3.132210175689609,0.9992840278055172,1.1956208622164184
2024-02-23,3.1452075915712143,1.0039915783867819,1.1933789218920308
2024-03-01,3.1378721047300386,1.0007504199685326,1.1903935702424735
2024-03-08,3.1337394280160322,0.9981408587752227,1.198770196159026
2024-03-15,3.1659970228053065,1.0026594382588134,1.2033461017922933
2024-03-22,3.1586523292419586,1.0052408579146497,1.1971046190897572
2024-03-29,3.1431090457518165,1.0017810364453505,1.2078848313857573
2024-04-05,3.192492425910564,1.0245593796206958,1.2080564735582557
2024-04-12,3.1921032330847057,1.02315772387027,1.2013919792264351
2024-04-19,3.140370563766871,0.9944303272132763,1.2242901950087537
2024-04-26,3.1582075311168394,1.001862942051738,1.2125710256246218
2024-05-03,3.1517069748695214,0.9968663560160905,1.209364926720744
2024-05-10,3.129157490078786,0.9899057033089184,1.212958410566991
2024-05-17,3.1302080959248366,0.9870174254322471,1.2069088721192724
2024-05-24,3.162754874668379,0.9895452520955424,1.1915735313627545
2024-05-31,3.145911269756242,0.992697541223756,1.1974558348011004
2024-06-07,3.203103853808776,0.9871484126679194,1.1761984902080072
2024-06-14,3.269229119261869,0.9914628621089016,1.1551185711834857
2024-06-21,3.25438197196156,0.9868392186476111,1.159726188638314
2024-06-28,3.237266730204362,0.9857924118416745,1.1577486851871281
2024-07-05,3.291103705476415,0.986348619042983,1.1437448149439957
2024-07-12,3.2500793823957177,0.9808921592895936,1.153244650812589
2024-07-19,3.1954414980614776,0.9586434806040808,1.1692300667779527
2024-07-26,3.1588191695093637,0.9477450923301208,1.1817431711515218
2024-08-02,3.2441444423850996,0.9692110309992287,1.1877913948637648
2024-08-09,3.2269614678584007,0.9646425418935292,1.1868486105739997
2024-08-16,3.2510217618283224,0.9796591215819368,1.1741015117449374
2024-08-23,3.2640487715027984,0.98035456537922,1.175833414378519
2024-08-30,3.2735454697014417,0.97868188916703,1.1835248938972258
2024-09-06,3.236825548416044,0.9718501379471736,1.1933124323808961
2024-09-13,3.258118236385543,0.9746401590939,1.180639079052532
2024-09-20,3.2413398342648057,0.9624880987161024,1.1812627352973404
2024-09-27,3.2369744200850574,0.9568199691706581,1.184427109070073
2024-10-04,3.2309450568328635,0.9508748123100337,1.1862575847882482
2024-10-11,3.157634943885097,0.9296981824092516,1.179444240787114
2024-10-18,3.171829808915478,0.9373982553331404,1.178862218064487
2024-10-25,3.233273085121797,0.9434195272882016,1.1701706811061754
2024-11-01,3.2309497788203925,0.9531507772502033,1.1714509970772362
2024-11-08,3.3174979496939034,0.9560547819828319,1.1635158635931278
2024-11-15,3.3356113274331096,0.9496867977363991,1.1697177891908639
2024-11-22,3.3244997189179943,0.9464394229648532,1.1776680581222396
2024-11-29,3.2852915885957716,0.9444892407396553,1.1752939875949513
2024-12-06,3.3388228772715642,0.9572220229596319,1.150360812281789
2024-12-13,3.3315661580221527,0.9499048689635919,1.1396888166239982
2024-12-20,3.3313697947851835,0.9475349280962607,1.129145271345353
2024-12-27,3.3408494326735436,0.9500953020293419,1.1279792597809002
2025-01-03,3.4147326812819627,0.9680864802130621,1.131691276953801
2025-01-10,3.429530075721655,0.9697346845445549,1.1389251774382814
2025-01-17,3.4746883803047743,0.9801935607221353,1.1501804953866415
2025-01-24,3.464925300831661,0.9783482278197525,1.141389573468387
2025-01-31,3.4649367938822504,0.96867594278681,1.1447709847082619
2025-02-07,3.5009003902730353,0.9770819873988102,1.145451123210669
2025-02-14,3.494416335637775,0.9761932320465725,1.1398759324638579
2025-02-21,3.506681093975961,0.9801684702975847,1.1500307169008823
2025-02-28,3.4758212542612155,0.9715067572556022,1.1625906762091365
2025-03-07,3.508958955064012,0.9838701027106985,1.1689926362100187
2025-03-14,3.543176223315614,0.9962399352447692,1.1769582326220114
2025-03-21,3.570728609483899,1.0055239774500264,1.179868634269295
2025-03-28,3.567437388389687,1.007923554735574,1.1922165544158876
2025-04-04,3.4513738350109873,0.9804285639121676,1.201104199858261
2025-04-11,3.4147735960641503,0.9560063118240579,1.1786331324992187
2025-04-18,3.4360886848554535,0.9721126677017142,1.1965912956202516
2025-04-25,3.357267109038352,0.9468809325750038,1.1749871282505047
2025-05-02,3.300605798315804,0.9327775973035469,1.1657730584113128
2025-05-09,3.229975293524489,0.9133223778929891,1.1681460673176953
2025-05-16,3.1301123035248657,0.8853941453829172,1.1522784585984363
2025-05-23,3.1321850057107388,0.8858219180560032,1.1542228379669421
2025-05-30,3.134315303247301,0.8848986237973775,1.1479087340193561
2025-06-06,3.157392605103637,0.8928773546178554,1.1385969375478169
2025-06-13,3.1640047704397056,0.8959975883676483,1.145002926013527
2025-06-20,3.127941431883865,0.8852425279700545,1.143379056358103
2025-06-27,3.0881156268561676,0.874685380377112,1.1254629238966372
2025-07-04,3.098237823845183,0.8766843254708934,1.1284768130736167
2025-07-11,3.107165275036147,0.8794501914793131,1.1311791828516227
2025-07-18,3.053339407109983,0.8648822413010474,1.1215980243843622
2025-07-25,3.0776389649466833,0.8709379242151889,1.122757528420771
2025-08-01,2.9779812078538663,0.8434244336188477,1.1188147644100468
2025-08-08,2.965598459533701,0.8399173891616709,1.1062974270820907
2025-08-15,3.0224560038758503,0.8560205942481448,1.1068229107886416
2025-08-22,3.074721543404235,0.8708232508123479,1.118770128060143
2025-08-29,3.126950059526751,0.8876714728108873,1.1161772922973032
2025-09-05,3.134488900316953,0.8884686522212658,1.1061152546768087
2025-09-12,3.1373793396108045,0.8907340782201274,1.100255183699798
2025-09-19,3.123580809313157,0.8917973324973448,1.0897688223159427
2025-09-26,3.113403830211963,0.890216284324267,1.096774209574689
2025-10-03,3.1537516489808333,0.8972851193173995,1.096059757036565
2025-10-10,3.1687704604328495,0.8988391589351944,1.0985745795569466
2025-10-17,3.1630996170604213,0.8994595918359352,1.0948460504771722
2025-10-24,3.170616611739265,0.9026795648776856,1.0893602515660312
2025-10-31,3.172518329405855,0.9036768468945212,1.0708690886713026
2025-11-07,3.214332588913156,0.914263998540596,1.0860419490077415
2025-11-14,3.204027263704061,0.9154186651588714,1.0891382142834247
2025-11-21,3.2445488208297015,0.9206568722721848,1.095631377579687
2025-11-28,3.2436230931176118,0.9181883130842473,1.0878836286611981
2025-12-05,3.264608997860301,0.9281091407138806,1.0802782370117903
2025-12-12,3.314533153059694,0.9378133242395306,1.0921828977714843
2025-12-19,3.307835162318613,0.9332817692462831,1.0878961068891455
2025-12-26,3.312164683321126,0.9315662998462645,1.0848760581227201
2026-01-02,3.3223398382703655,0.9327696712714076,1.0935618488081926
2026-01-09,3.3013621370956683,0.9158833004538086,1.0990149227286983
2026-01-16,3.2725022429459423,0.9100419713131688,1.1106860745780291
2026-01-23,3.321332554076897,0.9130152509509369,1.1172617669580736
2026-01-30,3.307685696324587,0.9068067976614593,1.1153025211500636
2026-02-06,3.2379253053825283,0.8913555365182634,1.1397700589333355
2026-02-13,3.2878672448283264,0.8949861518898885,1.1641621475244814
2026-02-20,3.2679559109509606,0.8942577476170224,1.154962122685614
2026-02-27,3.3331283182814557,0.914627660290185,1.1687540727274637
2026-03-06,3.347102477514689,0.9143428806952827,1.1584292833741665
2026-03-13,3.427774899116004,0.929617357657497,1.1604782567007437
2026-03-20,3.4020132596131214,0.9178721944279403,1.1569034738065038
2026-03-27,3.4017329857239624,0.9190179610817062,1.1889107176733202
2026-04-03,3.4037078761983723,0.9187621323130256,1.1686388238614422
2026-04-10,3.4544339633361063,0.9321377843697269,1.1498198842941867
2026-04-17,3.5740455020318267,0.9526445130342914,1.117329685083455
2026-04-24,3.6468280198004455,0.9747764358369552,1.112791691870135
2026-05-01,3.6324339851702168,0.9717484438477013,1.1112723318751907
2026-05-08,3.75504147038791,1.0003012988008355,1.0834124966205778
2026-05-15,3.7935759690282658,1.0155721837221294,1.0811812025310479
2026-05-22,3.748771984446111,1.0005592705503519,1.0878211405250593
2026-05-29,3.753644587627111,0.9963005691567933,1.0710164363197572
2026-06-05,3.734801767321887,0.9913264741366667,1.0927039026274117
2026-06-12,3.728755760287875,0.9896250496533681,1.1032142852990987
2026-06-19,3.683099416535806,0.9879206004211986,1.086342691770415
2026-06-26,3.665408813789907,0.9695474689990495,1.122034924131949
2026-07-03,3.7476483846772446,0.9889752492500739,1.108429921109107
2026-07-10,3.738038489686525,0.9794092754588191,1.0930947991136437
2026-07-17,3.7492473321895488,0.9794650039024674,1.1069399808148241
2026-07-24,3.682256950561204,0.9620698485627511,1.1134573705411555
2026-07-31,3.722177237075445,0.9770980508045018,1.1225019523534767
