ticker,rs_ratio,rs_momentum,quadrant,heading,angle_deg,distance,delta_distance,straightness,tail_r2,quadrant_run,pred_excess,rrg_score,tercile,hit_1M_pct,n_bucket,R,mean_loss,bucket_mean,bucket_std,baseline_hit,sector_etf,sector,setup
WBD,100.75771122175584,99.54378588848132,Weakening,N,106.8523254269242,1.3596089033176835,-0.5202415961690605,0.15303272342918575,0.7274858427698231,29.0,0.0025762029304106666,100.0,,,,,,,,,XLC,Communication Services,Deteriorating — avoid
TTD,98.94479364161745,100.47253234211493,Improving,N,72.62898291272263,17.912440335769265,8.496609759836277,0.6930470348851456,0.8712777585316747,9.0,0.0009216210767530543,95.45454545454545,,,,,,,,,XLC,Communication Services,Improving -> potential leader
FOXA,99.59668197095264,100.22200913937317,Improving,N,103.14623694515323,1.1353546030381272,0.5325231266809748,0.33889291719998865,0.5173917313383206,5.0,0.0008449091095868867,90.9090909090909,,,,,,,,,XLC,Communication Services,Improving -> potential leader
FOX,99.51320663549241,100.23936252372593,Improving,N,97.08721390960064,1.4690784462202096,0.9089608283076253,0.34048216507196827,0.5322709465057425,6.0,0.0007848062022375483,86.36363636363636,,,,,,,,,XLC,Communication Services,Improving -> potential leader
META,99.29462239837036,100.46395643517394,Improving,NE,39.5941701284478,1.2761707632233776,-0.18940823177320376,0.6134263729032864,0.9210005822507191,24.0,0.00045551560643164945,81.81818181818181,,,,,,,,,XLC,Communication Services,Improving
GOOGL,101.37047978655707,99.76039715326465,Weakening,NE,47.194214694513796,1.6023809127134494,0.31401229906830186,0.5635526707803158,0.9670834159853084,28.0,0.0003881877077600977,77.27272727272727,,,,,,,,,XLC,Communication Services,Weakening
GOOG,101.36218903947572,99.77417210416687,Weakening,NE,48.47572099726227,1.5569546039175084,0.284759131317857,0.5808757263502086,0.9722401741107181,28.0,0.0003171068111991045,72.72727272727273,,,,,,,,,XLC,Communication Services,Weakening
EA,101.23592545430401,99.85674671151496,Weakening,NE,34.79703088222151,2.1225793074034573,0.7726248347081479,0.6047219551709209,0.956099051737389,27.0,0.00014560994740993565,68.18181818181819,,,,,,,,,XLC,Communication Services,Weakening
OMC,100.97373151248946,100.45566934967407,Leading,NE,52.93190770981431,2.6014093134605276,0.8274019199046518,0.43741512530655563,0.9313680162882682,1.0,-0.0002940208362673749,63.63636363636363,,,,,,,,,XLC,Communication Services,Leading
PSKY,98.96315603298905,100.33912715145046,Improving,NE,40.802609610575175,1.2020699627379996,-0.284372051704995,0.670573369761064,0.9632891162034016,12.0,-0.00039819424254786487,59.09090909090909,,,,,,,,,XLC,Communication Services,Improving
NWSA,100.21442093916949,101.05156063605907,Leading,E,-8.091855298154924,1.7565979790833768,-2.0555509629657576,0.9560035068945224,0.9786431134363186,2.0,-0.0005224917706118197,54.54545454545455,,,,,,,,,XLC,Communication Services,Established leader
DIS,99.20392854353976,100.61643631394318,Improving,NE,63.23190760326141,2.199919204129534,0.039770657674051524,0.7785540726118946,0.9280005401399608,8.0,-0.0005843637222707791,50.0,,,,,,,,,XLC,Communication Services,Improving -> potential leader
TKO,100.83060219171801,100.80313228339372,Leading,NE,53.167085165368945,1.828405458957404,-0.7617681491799047,0.9055415922540297,0.9713724174240934,2.0,-0.0009307696087976311,45.45454545454545,,,,,,,,,XLC,Communication Services,Established leader
TTWO,100.35129276387178,101.81492354558034,Leading,E,-14.50214344947792,1.567147117232378,0.02520446907019558,0.7298613490143948,0.9063213349808291,3.0,-0.0013080442651874223,40.90909090909091,,,,,,,,,XLC,Communication Services,Leading
ECHO,100.59435077538565,99.40167435047947,Weakening,SW,-127.57642241555769,1.5073769926422669,-0.5913364500616485,0.7946006888787784,0.9843369983705473,32.0,-0.0014257720936794924,36.36363636363637,,,,,,,,,XLC,Communication Services,Deteriorating — avoid
CMCSA,98.76124414896384,98.81625112230748,Lagging,SW,-129.40713023761188,2.5288974507544233,0.0042047670393206005,0.5385364149866783,0.9452996932541686,11.0,-0.0014786573188025269,31.818181818181817,,,,,,,,,XLC,Communication Services,Lagging
TMUS,99.07297138697584,100.29742542376327,Improving,SW,-152.0636501100249,2.607183119043875,1.1767140332548338,0.5647566511472449,0.9848690652620857,32.0,-0.0015448986449591356,27.272727272727273,,,,,,,,,XLC,Communication Services,Improving -> potential leader
NWS,100.16975430645499,100.87098824343823,Leading,E,-12.63559326715753,1.0281931598399412,-0.7423349849820338,0.8975021941177922,0.9566761381905478,2.0,-0.0016841799281615325,22.727272727272727,,,,,,,,,XLC,Communication Services,Established leader
LYV,101.90598097097477,101.02721467210196,Leading,E,5.699483222604369,1.6682777766397545,0.8254377907430046,0.9303469220500515,0.9770323242369648,16.0,-0.0018679637011830598,18.181818181818183,,,,,,,,,XLC,Communication Services,Established leader
NFLX,98.71507716534146,100.30321223217024,Improving,SW,-116.25806774816795,1.2486486602482847,-0.49931418515050474,0.9741969269498807,0.9926748511076701,19.0,-0.002747831630156022,13.636363636363637,,,,,,,,,XLC,Communication Services,Improving
VZ,100.86011567651859,99.65968382714539,Weakening,S,-96.5651509243753,1.6068449282947086,0.32640450139233135,0.8857435616620997,0.987638832748734,6.0,-0.003382711259695641,9.090909090909092,,,,,,,,,XLC,Communication Services,Weakening
T,98.81273067497415,99.4355829996571,Lagging,SW,-128.39372301599383,1.8660490583957232,0.529109456247528,0.8968895127025741,0.993405521882351,6.0,-0.003669473771386836,4.545454545454546,,,,,,,,,XLC,Communication Services,Lagging
CHTR,98.59541803276844,99.87086193210529,Lagging,W,-165.81496968227918,2.9466136819765665,1.6207059857086277,0.9862561924215083,0.9944086637868937,6.0,-0.004126021598166646,0.0,,,,,,,,,XLC,Communication Services,Lagging
IBKR,101.86953467191765,100.54929050204026,Leading,NE,42.763540317100784,6.772732766157629,-0.6618000549023675,0.180355317812055,0.752427558172621,22.0,0.006111887217917536,100.0,3.0,52.946959754171154,6740.0,1.0655660339588615,-0.048036946554148315,0.0045043915167638,0.0701959504732829,52.57204718530686,XLF,Financials,Leading
ERIE,98.56465655081544,99.98610573324395,Lagging,NE,46.11456858462261,10.512392412681162,1.2652176118903729,0.22417481140193984,0.9303659677120368,11.0,0.004539940703823744,98.59154929577464,3.0,53.20664063292406,3816.0,1.275245221913028,-0.0433498399705338,0.009145078669790115,0.08289266388623108,52.57204718530686,XLF,Financials,Lagging
BNY,101.8620355130743,99.50130428385884,Weakening,SE,-24.56556406402267,20.17289290212108,7.008050183017481,0.6921903891135089,0.7805554251543404,3.0,0.0036796117135818786,97.1830985915493,3.0,52.97849787919968,6634.0,1.0360067169554483,-0.048874774846779934,0.003849891285299943,0.07107492864140873,52.57204718530686,XLF,Financials,Weakening
WTW,98.07684079339677,99.96379705184644,Lagging,E,15.078125552914912,3.344540058537216,-1.9487224331030917,0.5613255841360145,0.9097932105719155,13.0,0.002600632930501785,95.77464788732394,3.0,53.20664063292406,3816.0,1.275245221913028,-0.0433498399705338,0.009145078669790115,0.08289266388623108,52.57204718530686,XLF,Financials,Deteriorating — avoid
SPGI,98.66402279751415,100.21723674432242,Improving,N,76.51096422371337,4.223395158817358,0.11311852643572173,0.5249024567641294,0.7306757412090495,8.0,0.002464603801286917,94.36619718309859,3.0,51.25235665821533,4018.0,1.1205526852121566,-0.043342703370489635,0.0037333992234021094,0.07648132686138466,52.57204718530686,XLF,Financials,Improving -> potential leader
MCO,98.89397270207546,100.06438474279874,Improving,NE,58.63735071941311,6.517602461912763,-0.9317983114283388,0.7358462615399797,0.9090408011608732,1.0,0.002397394675962633,92.95774647887323,3.0,51.25235665821533,4018.0,1.1205526852121566,-0.043342703370489635,0.0037333992234021094,0.07648132686138466,52.57204718530686,XLF,Financials,Improving
PFG,101.81232113922418,98.8841701183492,Weakening,S,-97.30415872541046,1.7728349627694289,-0.6268541589473606,0.4190292288964345,0.5979238812352757,13.0,0.0017420552956931238,91.54929577464789,2.0,52.02569040618966,6642.0,1.0650403494578518,-0.04298180510907758,0.003188460498691293,0.061964738883202856,52.57204718530686,XLF,Financials,Deteriorating — avoid
KKR,98.64335176468025,100.41708593949669,Improving,N,76.89496207288735,4.094041912022108,-0.12150843022821167,0.2050649450789721,0.9924959237300941,10.0,0.0017361477293021072,90.14084507042253,3.0,51.25235665821533,4018.0,1.1205526852121566,-0.043342703370489635,0.0037333992234021094,0.07648132686138466,52.57204718530686,XLF,Financials,Improving
BEN,101.98767649140714,100.02273095390558,Leading,E,18.916291757342634,3.163702578526083,0.496527758691212,0.1470429516667708,0.8624018851238354,6.0,0.0016476976096008085,88.73239436619718,3.0,52.946959754171154,6740.0,1.0655660339588615,-0.048036946554148315,0.0045043915167638,0.0701959504732829,52.57204718530686,XLF,Financials,Leading
FDS,99.29573951521623,100.41924248400105,Improving,E,-0.8647976307747436,1.717182607936074,-1.2259374344309866,0.9047959940891346,0.936646384563689,37.0,0.0012241804891087327,87.32394366197182,2.0,52.007447084498594,5433.0,1.079955893720949,-0.04195108824808154,0.0034196769700546035,0.06834405416037108,52.57204718530686,XLF,Financials,Improving
MET,102.36834717859975,102.23785953952735,Leading,S,-96.6931520203298,2.7999813035092203,-0.5846440054090745,0.3905451234242855,0.7453017233482405,10.0,0.0011303217088753177,85.91549295774648,3.0,52.946959754171154,6740.0,1.0655660339588615,-0.048036946554148315,0.0045043915167638,0.0701959504732829,52.57204718530686,XLF,Financials,Leading
FIS,98.35081892495305,100.19959021942648,Improving,W,177.7939439284231,9.213728460129671,-0.19101161673212452,0.9665179429586543,0.9846841422162003,12.0,0.0011174916822507272,84.50704225352112,3.0,51.25235665821533,4018.0,1.1205526852121566,-0.043342703370489635,0.0037333992234021094,0.07648132686138466,52.57204718530686,XLF,Financials,Improving
BX,98.78051967466311,100.44359755576401,Improving,N,80.3236549100606,3.366081944643352,-0.16298922325985066,0.36912254468989636,0.9935834378212782,10.0,0.0009053116777996973,83.09859154929578,3.0,51.25235665821533,4018.0,1.1205526852121566,-0.043342703370489635,0.0037333992234021094,0.07648132686138466,52.57204718530686,XLF,Financials,Improving
V,99.6226795318174,101.52607196018468,Improving,SE,-24.85045862339561,1.3004753411640029,-0.22991195072642334,0.38979501040240594,0.8803392534490863,19.0,0.000678745907276059,81.69014084507042,1.0,51.74474376775141,5521.0,1.0938577699067382,-0.0412349807374374,0.003428588872164566,0.06516539823050557,52.57204718530686,XLF,Financials,Improving
WFC,99.5088808622874,99.48909804099051,Lagging,N,94.95319201465674,0.6444533019741996,-2.0686547420210477,0.784655548445336,0.8648972147048707,11.0,0.0006784134741538499,80.28169014084507,1.0,54.62108561424007,6426.0,1.162397693985295,-0.039532132687326534,0.007187519394158269,0.07452943486435333,52.57204718530686,XLF,Financials,Deteriorating — avoid
APO,99.21248166279908,100.83010262535124,Improving,NE,47.60254080157562,5.912196686624804,2.9510494504263063,0.17645124926423725,0.9591795388910721,10.0,0.0006694942314775421,78.87323943661971,3.0,51.25235665821533,4018.0,1.1205526852121566,-0.043342703370489635,0.0037333992234021094,0.07648132686138466,52.57204718530686,XLF,Financials,Improving -> potential leader
NTRS,101.83371217031832,99.69637286762779,Weakening,E,-0.8517942432999897,9.332909336563569,3.575186620513872,0.5893616536926636,0.9763546181383856,14.0,0.0006422279717869122,77.46478873239437,3.0,52.97849787919968,6634.0,1.0360067169554483,-0.048874774846779934,0.003849891285299943,0.07107492864140873,52.57204718530686,XLF,Financials,Weakening
GL,102.06169048606539,99.94039433641757,Weakening,S,-101.2120319820138,5.279957796415653,-1.7252817580989657,0.7706951837967934,0.9623883760798003,3.0,0.00035023707474408694,76.05633802816901,3.0,52.97849787919968,6634.0,1.0360067169554483,-0.048874774846779934,0.003849891285299943,0.07107492864140873,52.57204718530686,XLF,Financials,Deteriorating — avoid
MTB,101.37944548742605,99.48253644343754,Weakening,N,84.18448726049279,1.436128792037212,-1.2543890290398625,0.6472196172967994,0.9891087126643852,13.0,0.00017837272091227805,74.64788732394366,1.0,51.23049831352616,5107.0,1.0694986992501696,-0.03987736698435706,0.0023795169114802363,0.057042445862094344,52.57204718530686,XLF,Financials,Deteriorating — avoid
JPM,101.41582408088888,100.5632848028207,Leading,NE,46.539193019487776,3.5472889420204,0.233660115431932,0.7924557951067267,0.9856877669422751,14.0,-2.3419152372082075e-05,73.2394366197183,3.0,52.946959754171154,6740.0,1.0655660339588615,-0.048036946554148315,0.0045043915167638,0.0701959504732829,52.57204718530686,XLF,Financials,Established leader
PGR,99.30195783962657,100.42442459634893,Improving,SW,-156.563185469195,2.3313625068055583,0.8544124630736756,0.5056306399821613,0.9022505135798045,39.0,-0.00020315461404071832,71.83098591549296,2.0,52.007447084498594,5433.0,1.079955893720949,-0.04195108824808154,0.0034196769700546035,0.06834405416037108,52.57204718530686,XLF,Financials,Improving -> potential leader
AMP,99.34396632591142,100.11239809518092,Improving,NE,65.74279775446496,1.838125590939741,-0.0823453512477097,0.586547661501967,0.9136598591445113,2.0,-0.0003205964050910289,70.4225352112676,2.0,52.007447084498594,5433.0,1.079955893720949,-0.04195108824808154,0.0034196769700546035,0.06834405416037108,52.57204718530686,XLF,Financials,Improving
CPAY,101.08318316199545,100.65481589645148,Leading,NE,48.60977604687008,1.0049728675323564,0.6793136709948004,0.6703035344050283,0.8854474373104179,20.0,-0.00033814583201163584,69.01408450704226,1.0,50.95787331255565,6067.0,0.9940986264903787,-0.04064460491197652,0.0006348567762184587,0.05763027620553207,52.57204718530686,XLF,Financials,Leading
C,101.50681695777249,99.65112341817071,Weakening,E,-1.2671851257876674,11.073542421312562,7.5145546222768225,0.6369465003137152,0.9903109812991827,41.0,-0.0003441389810418473,67.6056338028169,3.0,52.97849787919968,6634.0,1.0360067169554483,-0.048874774846779934,0.003849891285299943,0.07107492864140873,52.57204718530686,XLF,Financials,Weakening
MS,101.88921887746508,100.31599544248425,Leading,NE,32.69197402197398,5.895908936986855,2.3931620027659286,0.7110852604589386,0.9641835036734485,8.0,-0.0005151704687407241,66.19718309859155,3.0,52.946959754171154,6740.0,1.0655660339588615,-0.048036946554148315,0.0045043915167638,0.0701959504732829,52.57204718530686,XLF,Financials,Leading
TFC,100.67938463407431,98.8460367288378,Weakening,NW,130.0118906464518,1.2893071064960953,-0.5876061802927075,0.5392354582004077,0.9762107681317598,16.0,-0.0005240116929723119,64.78873239436619,1.0,51.23049831352616,5107.0,1.0694986992501696,-0.03987736698435706,0.0023795169114802363,0.057042445862094344,52.57204718530686,XLF,Financials,Deteriorating — avoid
WRB,99.33727517549043,100.27763440659844,Improving,N,78.66369589989233,1.2241971143728607,0.09907085087336753,0.3335563989463849,0.967025031350989,2.0,-0.0005645072626139488,63.38028169014085,1.0,51.74474376775141,5521.0,1.0938577699067382,-0.0412349807374374,0.003428588872164566,0.06516539823050557,52.57204718530686,XLF,Financials,Improving -> potential leader
ARES,98.98504256305227,100.76281034875755,Improving,NE,65.87448407356082,3.1870206341622973,0.5575778834899912,0.7262458341451017,0.9974834302455741,10.0,-0.0006551628990964607,61.971830985915496,3.0,51.25235665821533,4018.0,1.1205526852121566,-0.043342703370489635,0.0037333992234021094,0.07648132686138466,52.57204718530686,XLF,Financials,Improving -> potential leader
HBAN,100.32972113497348,99.7454982945104,Weakening,N,72.73867977419849,0.9709866576022321,-1.0734443969001934,0.8908395092572878,0.9908424816803769,15.0,-0.0006708819063006245,60.563380281690144,1.0,51.23049831352616,5107.0,1.0694986992501696,-0.03987736698435706,0.0023795169114802363,0.057042445862094344,52.57204718530686,XLF,Financials,Deteriorating — avoid
PNC,101.47548834343584,99.4388230773399,Weakening,N,70.1754552757209,1.5534540763488922,-0.5792553777043368,0.845331079755053,0.9928893834856444,14.0,-0.0006912763421747176,59.15492957746479,2.0,52.02569040618966,6642.0,1.0650403494578518,-0.04298180510907758,0.003188460498691293,0.061964738883202856,52.57204718530686,XLF,Financials,Deteriorating — avoid
RJF,98.7999518181597,99.67327778740488,Lagging,N,85.08250368239416,2.3536706256839106,0.13874925995630472,0.7898116420072332,0.9839858360964369,15.0,-0.0007123165008565948,57.74647887323944,2.0,54.66193185214495,4996.0,1.2510013580188117,-0.039030502211574496,0.009030973158206869,0.07640699846963736,52.57204718530686,XLF,Financials,Lagging
USB,101.33861242301226,99.15551444896438,Weakening,N,84.93801287755726,1.33259512597377,-1.1072412393500306,0.9833991959583943,0.9962647296276816,17.0,-0.0007453935677635677,56.33802816901409,1.0,51.23049831352616,5107.0,1.0694986992501696,-0.03987736698435706,0.0023795169114802363,0.057042445862094344,52.57204718530686,XLF,Financials,Deteriorating — avoid
IVZ,101.07974326659128,99.69331310999573,Weakening,NE,22.679799881993667,2.1424041668754765,1.002849490669894,0.9713130576388801,0.9847283992148287,35.0,-0.0007555859722983233,54.929577464788736,2.0,52.02569040618966,6642.0,1.0650403494578518,-0.04298180510907758,0.003188460498691293,0.061964738883202856,52.57204718530686,XLF,Financials,Weakening
SCHW,99.14687115493666,98.78980488090093,Lagging,SW,-150.24080107194743,1.3887420757147786,-0.8283960129670529,0.332141445425367,0.9324111478898374,9.0,-0.0007792966318950997,53.521126760563384,1.0,54.62108561424007,6426.0,1.162397693985295,-0.039532132687326534,0.007187519394158269,0.07452943486435333,52.57204718530686,XLF,Financials,Deteriorating — avoid
KEY,101.24073121596342,99.24779611773822,Weakening,NE,65.90242352775638,1.6569923676238165,-0.3205630067235794,0.9664088078158385,0.9911289796683533,17.0,-0.0009687543168762219,52.11267605633803,2.0,52.02569040618966,6642.0,1.0650403494578518,-0.04298180510907758,0.003188460498691293,0.061964738883202856,52.57204718530686,XLF,Financials,Deteriorating — avoid
AIZ,101.8577341815699,100.06015019003283,Leading,NE,59.53224836655505,1.579259635648782,-0.046215975863329595,0.6529493825844385,0.9981634559947044,5.0,-0.001058174803619515,50.70422535211268,2.0,50.766894294327145,6364.0,1.0292272390398336,-0.04105631024127781,0.001215269072460917,0.05767345901243976,52.57204718530686,XLF,Financials,Leading
CINF,101.1987455735335,99.27700360948847,Weakening,S,-99.19973862944254,2.248015552228482,0.2425162759094759,0.2804908055002879,0.9673108063816335,10.0,-0.0010948040135849038,49.29577464788732,2.0,52.02569040618966,6642.0,1.0650403494578518,-0.04298180510907758,0.003188460498691293,0.061964738883202856,52.57204718530686,XLF,Financials,Weakening
RF,101.27196361708738,99.52635261777418,Weakening,NE,43.32141523406265,2.3261649255376993,0.15967718417247756,0.9767212764607882,0.9972415925257164,15.0,-0.0011264504667241647,47.88732394366197,2.0,52.02569040618966,6642.0,1.0650403494578518,-0.04298180510907758,0.003188460498691293,0.061964738883202856,52.57204718530686,XLF,Financials,Weakening
FITB,101.56377853283027,99.53832299577309,Weakening,N,67.89539754501315,1.6012927365856033,-0.33451465176776685,0.9868431019666629,0.998397405634774,15.0,-0.0012160518495046876,46.478873239436616,2.0,52.02569040618966,6642.0,1.0650403494578518,-0.04298180510907758,0.003188460498691293,0.061964738883202856,52.57204718530686,XLF,Financials,Deteriorating — avoid
AON,99.04950407854942,100.36846214472914,Improving,W,-165.17590801846742,7.12450136086913,3.4924773303005328,0.11951198555038783,0.9795704341894763,2.0,-0.0013047830886928826,45.070422535211264,3.0,51.25235665821533,4018.0,1.1205526852121566,-0.043342703370489635,0.0037333992234021094,0.07648132686138466,52.57204718530686,XLF,Financials,Improving -> potential leader
GPN,99.03033044398413,99.99136111175144,Lagging,NW,156.05720069052234,5.210862380240077,1.9821052556734222,0.7492635435161745,0.930494932348184,14.0,-0.0013252490856678497,43.66197183098591,3.0,53.20664063292406,3816.0,1.275245221913028,-0.0433498399705338,0.009145078669790115,0.08289266388623108,52.57204718530686,XLF,Financials,Lagging
CFG,101.33349881436563,99.26981849360041,Weakening,E,10.040884754837627,2.870954181687923,1.058573141112406,0.9401122990510298,0.9807577149381866,18.0,-0.001350362539241162,42.25352112676056,3.0,52.97849787919968,6634.0,1.0360067169554483,-0.048874774846779934,0.003849891285299943,0.07107492864140873,52.57204718530686,XLF,Financials,Weakening
AXP,99.58642917419115,99.87488111531378,Lagging,N,89.0349980360871,0.4808468752027726,-0.6499244872463159,0.9252716900805007,0.9742797383561812,15.0,-0.0013984481883574018,40.84507042253521,1.0,54.62108561424007,6426.0,1.162397693985295,-0.039532132687326534,0.007187519394158269,0.07452943486435333,52.57204718530686,XLF,Financials,Deteriorating — avoid
TRV,101.49412383265599,99.42622735078535,Weakening,S,-103.79907143121007,2.9051518383215957,0.42929685885495195,0.41623604170274664,0.9808793411569151,9.0,-0.0014643464384371647,39.436619718309856,3.0,52.97849787919968,6634.0,1.0360067169554483,-0.048874774846779934,0.003849891285299943,0.07107492864140873,52.57204718530686,XLF,Financials,Weakening
BRO,98.73077975296526,100.33197549130564,Improving,W,-176.51911835343557,5.130634210622133,3.0218948246501753,0.7430426852979385,0.9880343427663587,40.0,-0.0015062803459542323,38.028169014084504,3.0,51.25235665821533,4018.0,1.1205526852121566,-0.043342703370489635,0.0037333992234021094,0.07648132686138466,52.57204718530686,XLF,Financials,Improving -> potential leader
TROW,101.8709174628235,101.62882427949474,Leading,NE,52.795960859655324,2.3506000863907697,1.6694940014396693,0.5725472186019736,0.9971353953606498,9.0,-0.0015627995019245244,36.61971830985915,2.0,50.766894294327145,6364.0,1.0292272390398336,-0.04105631024127781,0.001215269072460917,0.05767345901243976,52.57204718530686,XLF,Financials,Leading
PRU,101.1304585522026,101.70734875284569,Leading,NE,40.65405214961298,1.9815246126985981,-0.01880686151773392,0.9798835430185848,0.9920399051779086,5.0,-0.0016919710797882329,35.2112676056338,2.0,50.766894294327145,6364.0,1.0292272390398336,-0.04105631024127781,0.001215269072460917,0.05767345901243976,52.57204718530686,XLF,Financials,Established leader
COF,98.58542960844821,100.12847981135181,Improving,N,80.72392100160363,1.7381432783205681,-0.34846472638782866,0.990949580114978,0.9963497532332541,1.0,-0.0020094432079385,33.80281690140845,2.0,52.007447084498594,5433.0,1.079955893720949,-0.04195108824808154,0.0034196769700546035,0.06834405416037108,52.57204718530686,XLF,Financials,Improving
MSCI,100.5844904452717,99.50969909678477,Weakening,S,-107.4757846599136,1.3581112461364886,-1.2000865742029792,0.720529618055777,0.9631194587952714,2.0,-0.0020857168872356895,32.394366197183096,1.0,51.23049831352616,5107.0,1.0694986992501696,-0.03987736698435706,0.0023795169114802363,0.057042445862094344,52.57204718530686,XLF,Financials,Deteriorating — avoid
CBOE,100.19720193616725,98.24296724872023,Weakening,SW,-136.37747553011872,3.578492286587448,0.1893153740358695,0.9050745905203046,0.9492087174592319,10.0,-0.002112138182480077,30.985915492957748,3.0,52.97849787919968,6634.0,1.0360067169554483,-0.048874774846779934,0.003849891285299943,0.07107492864140873,52.57204718530686,XLF,Financials,Weakening
HIG,99.7696523226052,98.54509940372789,Lagging,SW,-130.09373720161986,2.5028956593978986,0.21637857073725764,0.6491303166645493,0.9188924440703287,3.0,-0.002169089922405214,29.577464788732396,2.0,54.66193185214495,4996.0,1.2510013580188117,-0.039030502211574496,0.009030973158206869,0.07640699846963736,52.57204718530686,XLF,Financials,Lagging
L,100.58385455367721,98.77859499817443,Weakening,SW,-122.43161101214044,2.1557269177463247,0.23427184941786305,0.686410925350895,0.9568842776765617,11.0,-0.00226806568872973,28.169014084507044,2.0,52.02569040618966,6642.0,1.0650403494578518,-0.04298180510907758,0.003188460498691293,0.061964738883202856,52.57204718530686,XLF,Financials,Weakening
GS,101.70837130113816,100.15062901193795,Leading,E,13.28360558927616,8.530847087161037,5.214231554224273,0.856872024676523,0.9990843841389766,6.0,-0.002276157566523122,26.760563380281692,3.0,52.946959754171154,6740.0,1.0655660339588615,-0.048036946554148315,0.0045043915167638,0.0701959504732829,52.57204718530686,XLF,Financials,Established leader
FISV,99.03953179826624,99.92324353668029,Lagging,S,-67.99652909084614,2.1341488183758366,-0.23623093826824615,0.8796133120500743,0.9532808851489719,1.0,-0.0024118766698837356,25.35211267605634,2.0,54.66193185214495,4996.0,1.2510013580188117,-0.039030502211574496,0.009030973158206869,0.07640699846963736,52.57204718530686,XLF,Financials,Deteriorating — avoid
MA,98.29520410542759,100.28078518753384,Improving,W,-161.65931703651876,3.0916816948952563,1.3319820537664995,0.780772027934461,0.9571301586241662,18.0,-0.0024548504961674654,23.943661971830984,3.0,51.25235665821533,4018.0,1.1205526852121566,-0.043342703370489635,0.0037333992234021094,0.07648132686138466,52.57204718530686,XLF,Financials,Improving -> potential leader
JKHY,98.19172680056721,99.08470630701989,Lagging,SW,-155.85819366890672,2.774132066595953,1.543993039376847,0.5873161117409637,0.9811148454730976,18.0,-0.0024682630045349783,22.535211267605632,3.0,53.20664063292406,3816.0,1.275245221913028,-0.0433498399705338,0.009145078669790115,0.08289266388623108,52.57204718530686,XLF,Financials,Lagging
MRSH,98.67474547780108,99.53482188082646,Lagging,SW,-131.19477321727086,3.76323938126427,0.6929468739792752,0.7825528258921424,0.9913015327051128,8.0,-0.0024889943512328237,21.12676056338028,3.0,53.20664063292406,3816.0,1.275245221913028,-0.0433498399705338,0.009145078669790115,0.08289266388623108,52.57204718530686,XLF,Financials,Lagging
STT,102.1541230163303,99.62392946461236,Weakening,E,-5.581979969149345,9.148021336014002,5.343564059536794,0.9281336273662621,0.9803862153117281,3.0,-0.002490322436408603,19.718309859154928,3.0,52.97849787919968,6634.0,1.0360067169554483,-0.048874774846779934,0.003849891285299943,0.07107492864140873,52.57204718530686,XLF,Financials,Weakening
AJG,99.10923179465647,100.77107815851593,Improving,W,174.24958874806467,3.135384876815047,1.4582941843140955,0.9243824328682462,0.9864227505338455,25.0,-0.0024972894895690266,18.309859154929576,3.0,51.25235665821533,4018.0,1.1205526852121566,-0.043342703370489635,0.0037333992234021094,0.07648132686138466,52.57204718530686,XLF,Financials,Improving -> potential leader
CB,100.86255158904434,98.9342780184534,Weakening,S,-103.49476415424678,1.9875246417645598,0.4747938019203577,0.64424838475341,0.9935483226351179,9.0,-0.002685179479415204,16.901408450704224,2.0,52.02569040618966,6642.0,1.0650403494578518,-0.04298180510907758,0.003188460498691293,0.061964738883202856,52.57204718530686,XLF,Financials,Weakening
BLK,98.66088008161886,99.37982409567073,Lagging,W,-173.72671931317564,2.0888901640504844,1.1382967544430111,0.734515806188902,0.8992971620081963,8.0,-0.002739860619672647,15.492957746478874,2.0,54.66193185214495,4996.0,1.2510013580188117,-0.039030502211574496,0.009030973158206869,0.07640699846963736,52.57204718530686,XLF,Financials,Lagging
AIG,99.02470865618265,99.19312513803858,Lagging,SW,-130.88597799350322,4.211903558789523,0.804271473743023,0.959717269702267,0.9924400676318034,6.0,-0.0029462985615913294,14.084507042253522,3.0,53.20664063292406,3816.0,1.275245221913028,-0.0433498399705338,0.009145078669790115,0.08289266388623108,52.57204718530686,XLF,Financials,Lagging
ALL,101.65986693443249,99.92400709032437,Weakening,S,-91.54054875739254,2.3360635920779944,0.3188375916026982,0.8619498140765577,0.9705723561309105,4.0,-0.002970859807461787,12.67605633802817,2.0,52.02569040618966,6642.0,1.0650403494578518,-0.04298180510907758,0.003188460498691293,0.061964738883202856,52.57204718530686,XLF,Financials,Weakening
NDAQ,98.93310409816463,99.30135624455728,Lagging,SW,-154.6142290095653,1.222349152088999,0.14018470938584549,0.8130988356923814,0.9240576768907961,5.0,-0.0030950246616132633,11.267605633802816,1.0,54.62108561424007,6426.0,1.162397693985295,-0.039532132687326534,0.007187519394158269,0.07452943486435333,52.57204718530686,XLF,Financials,Lagging
ACGL,99.95437802193261,98.57284495557926,Lagging,S,-110.1644133436633,1.6692495266663963,-0.07946494044495611,0.7497375143973575,0.9945654230268424,1.0,-0.0031961231672530273,9.859154929577464,2.0,54.66193185214495,4996.0,1.2510013580188117,-0.039030502211574496,0.009030973158206869,0.07640699846963736,52.57204718530686,XLF,Financials,Deteriorating — avoid
SYF,99.4617136051136,99.10944612099175,Lagging,SW,-151.96163802482758,1.4697113223502456,-0.2271857679470557,0.8402087521923992,0.981158650238163,3.0,-0.0032691526637609334,8.450704225352112,1.0,54.62108561424007,6426.0,1.162397693985295,-0.039532132687326534,0.007187519394158269,0.07452943486435333,52.57204718530686,XLF,Financials,Deteriorating — avoid
BAC,101.5794276818792,100.1586100504798,Leading,E,19.642947557733084,3.7485742935305257,2.584365323419517,0.9992074252570512,0.9996963229387111,1.0,-0.0032749309583258914,7.042253521126761,3.0,52.946959754171154,6740.0,1.0655660339588615,-0.048036946554148315,0.0045043915167638,0.0701959504732829,52.57204718530686,XLF,Financials,Established leader
EG,100.60169209164567,99.77554826790866,Weakening,S,-102.8986688138234,1.3972569157587151,-0.5914284324732122,0.9679089557345263,0.9919948593448236,2.0,-0.0033919262407453342,5.633802816901408,1.0,51.23049831352616,5107.0,1.0694986992501696,-0.03987736698435706,0.0023795169114802363,0.057042445862094344,52.57204718530686,XLF,Financials,Deteriorating — avoid
CME,98.90081847251898,98.68035428932856,Lagging,SW,-144.56862795013484,1.5504845778893066,-0.14865793879768363,0.9522627394749394,0.9778785302749422,5.0,-0.0034892039287346926,4.225352112676056,2.0,54.66193185214495,4996.0,1.2510013580188117,-0.039030502211574496,0.009030973158206869,0.07640699846963736,52.57204718530686,XLF,Financials,Deteriorating — avoid
AFL,101.11988758710969,99.4528968293101,Weakening,S,-106.01715061513818,1.6576788202997386,0.004425890301351654,0.9892100534752879,0.9986414199422582,5.0,-0.00369793329335438,2.816901408450704,2.0,52.02569040618966,6642.0,1.0650403494578518,-0.04298180510907758,0.003188460498691293,0.061964738883202856,52.57204718530686,XLF,Financials,Weakening
BRK-B,98.99183720673689,99.64003138346358,Lagging,SW,-152.34509632178165,3.7201773685003126,2.233456689183817,0.892828513304563,0.9814710290392616,7.0,-0.0039930310279072834,1.408450704225352,3.0,53.20664063292406,3816.0,1.275245221913028,-0.0433498399705338,0.009145078669790115,0.08289266388623108,52.57204718530686,XLF,Financials,Lagging
ICE,97.98186979878702,98.87619682737501,Lagging,SW,-127.08468214763623,2.8351892429198466,1.432758768832496,0.9937959671002248,0.9991203472184962,7.0,-0.004243385833994926,0.0,3.0,53.20664063292406,3816.0,1.275245221913028,-0.0433498399705338,0.009145078669790115,0.08289266388623108,52.57204718530686,XLF,Financials,Lagging
HD,99.07102340212606,100.20505520947313,Improving,NE,37.54815698296563,4.55235262756949,-1.9613195634147313,0.6335526104827416,0.9783445844542761,1.0,0.002436211983421082,100.0,3.0,49.048508810195514,2636.0,1.3488429137004456,-0.06939670818450898,0.010434679688419024,0.13277500025943598,50.96720104694913,XLY,Consumer Discretionary,Improving
EXPE,100.59867970870037,99.74572404401034,Weakening,E,1.1861880085825403,1.2485667421484665,-0.4779924754649265,0.19670311501264837,0.9505355598630396,25.0,0.002343335034798346,97.67441860465117,1.0,49.159816937654846,3177.0,1.1126393030810358,-0.054173441900382216,0.0020243391400339545,0.07827338441523529,50.96720104694913,XLY,Consumer Discretionary,Deteriorating — avoid
TPR,100.96594560907145,99.01954514900787,Weakening,W,-164.34499389812197,14.54484089142374,4.390337350798758,0.585078735113885,0.8153850548186102,12.0,0.0023323410030415557,95.34883720930233,3.0,52.49354770085779,3508.0,1.1259261135703278,-0.053484668857809614,0.006252306367812686,0.07693548948038637,50.96720104694913,XLY,Consumer Discretionary,Weakening
WYNN,98.7559616535899,99.45300135761022,Lagging,N,103.58557650389315,1.179781234627239,-0.023285672651122136,0.6182957962567239,0.7223519398445897,20.0,0.0018028104334453774,93.02325581395348,1.0,50.367304703085935,4111.0,1.1243409675280223,-0.05683808046100564,0.003959527925436678,0.08369323743922111,50.96720104694913,XLY,Consumer Discretionary,Deteriorating — avoid
RL,101.62746387375269,100.46237315405679,Leading,NE,44.67891858582332,12.123250956812864,2.992605422681205,0.6416770595136636,0.9835501464068307,2.0,0.0017232843171348503,90.69767441860465,3.0,49.267618520975695,3318.0,1.0554937792007701,-0.05586440072725292,0.0006502586180051072,0.07705589924893012,50.96720104694913,XLY,Consumer Discretionary,Leading
TSCO,98.01170110201603,100.08265217222127,Improving,NE,50.616829850333254,4.584215967449705,-0.6964730784342077,0.6452028536591607,0.9190930226538072,1.0,0.0016404844399741216,88.37209302325581,3.0,49.048508810195514,2636.0,1.3488429137004456,-0.06939670818450898,0.010434679688419024,0.13277500025943598,50.96720104694913,XLY,Consumer Discretionary,Improving
NCLH,99.17469222424656,99.84041667485606,Lagging,NE,46.63122061032485,4.320213624783026,-0.3459076213419934,0.6062487694074925,0.984723235470808,12.0,0.0015572141282444922,86.04651162790698,3.0,51.720525418777044,2717.0,1.2314857925557203,-0.06098523719328532,0.009437763408685374,0.09733133324014641,50.96720104694913,XLY,Consumer Discretionary,Deteriorating — avoid
BKNG,99.05247089224743,101.07784966250003,Improving,SE,-57.81436098751291,1.4294668848554142,-0.32597457881813985,0.17154198709436436,0.8957856517367168,13.0,0.0010527955834033248,83.72093023255815,1.0,49.3909889224471,3682.0,0.9924542431871904,-0.060280513151713636,-0.0010103066414691244,0.08489159502425328,50.96720104694913,XLY,Consumer Discretionary,Improving
BBY,101.40938617720585,101.83210804585258,Leading,E,17.194048535678583,2.477634105716388,-2.867353350486099,0.9689557233614274,0.9894419072738841,3.0,0.0010234003909387075,81.3953488372093,2.0,51.402234488511645,3713.0,1.10935883983132,-0.05387785982330892,0.004552933456797527,0.07592747276795381,50.96720104694913,XLY,Consumer Discretionary,Established leader
TSLA,99.84660182868029,100.02738047131285,Improving,N,93.59661753464047,0.5634766422595968,-2.940060665625595,0.7370714143559232,0.9340624355440353,1.0,0.0008953107953316894,79.06976744186046,1.0,49.3909889224471,3682.0,0.9924542431871904,-0.060280513151713636,-0.0010103066414691244,0.08489159502425328,50.96720104694913,XLY,Consumer Discretionary,Improving
NKE,98.5070129802223,100.65800269894979,Improving,NE,51.825999051562476,4.234889135171087,-1.1120120471884345,0.9181248437232888,0.9759451853640227,3.0,0.0006254631012636283,76.74418604651163,3.0,49.048508810195514,2636.0,1.3488429137004456,-0.06939670818450898,0.010434679688419024,0.13277500025943598,50.96720104694913,XLY,Consumer Discretionary,Improving
NVR,98.73196245081381,100.35941250885773,Improving,NE,47.919031876255204,10.259693499837514,2.4459066558355067,0.9273608464116444,0.9808618538098128,1.0,0.00021630018958545627,74.4186046511628,3.0,49.048508810195514,2636.0,1.3488429137004456,-0.06939670818450898,0.010434679688419024,0.13277500025943598,50.96720104694913,XLY,Consumer Discretionary,Improving -> potential leader
HAS,100.09233406334586,98.35347635999304,Weakening,NW,149.05455612022675,2.2489426254828833,-1.4375555790908972,0.8040508021853173,0.9301304829267397,12.0,0.00014963784345386398,72.09302325581395,2.0,48.72799603805955,3912.0,1.0851148656503096,-0.053379017680537405,0.0007922077193006765,0.07661400862552438,50.96720104694913,XLY,Consumer Discretionary,Deteriorating — avoid
MAR,101.71901087633867,99.4629999580412,Weakening,SW,-129.42523423811977,1.4858014989998816,-0.36463209024064436,0.45974484491609385,0.8117582575304647,12.0,8.677329149369388e-05,69.76744186046511,1.0,49.159816937654846,3177.0,1.1126393030810358,-0.054173441900382216,0.0020243391400339545,0.07827338441523529,50.96720104694913,XLY,Consumer Discretionary,Deteriorating — avoid
LEN,98.57392911240133,100.70770638774425,Improving,NE,57.311905081387835,4.983417355829683,-0.05433719869821019,0.8953653361228632,0.9732198298825414,3.0,6.360216651280149e-05,67.44186046511628,3.0,49.048508810195514,2636.0,1.3488429137004456,-0.06939670818450898,0.010434679688419024,0.13277500025943598,50.96720104694913,XLY,Consumer Discretionary,Improving
LOW,98.43199202737097,99.01928820733563,Lagging,NW,133.25992546821303,2.192514700505909,0.4413423468682358,0.6758195298721984,0.8044732408917715,13.0,3.3938380336226176e-05,65.11627906976744,2.0,52.422981061335406,3221.0,1.173030029961081,-0.05591248138017726,0.007836092615480244,0.08487464804642064,50.96720104694913,XLY,Consumer Discretionary,Lagging
CMG,99.2668270119599,100.11170522114337,Improving,NE,26.233484591881837,1.541552222496457,-0.9387584986604902,0.620583854060952,0.9679381150688875,2.0,-0.00013445595948770138,62.7906976744186,2.0,50.74742796693319,3508.0,1.1903114794689829,-0.05987375656847002,0.006669308958586795,0.09726844349937525,50.96720104694913,XLY,Consumer Discretionary,Improving
PHM,100.19338871625718,99.53738268485981,Weakening,NE,66.89946843247543,0.9148973403900766,-1.5069907333566197,0.7567236246590581,0.9663381570293009,1.0,-0.0004478474919023674,60.46511627906977,1.0,49.159816937654846,3177.0,1.1126393030810358,-0.054173441900382216,0.0020243391400339545,0.07827338441523529,50.96720104694913,XLY,Consumer Discretionary,Deteriorating — avoid
GM,100.90386069787846,99.50762486093694,Weakening,N,79.12825921351705,1.2003042500258172,-0.20765330180902297,0.9092903803544897,0.9753003999771886,24.0,-0.0005164604108812251,58.13953488372093,1.0,49.159816937654846,3177.0,1.1126393030810358,-0.054173441900382216,0.0020243391400339545,0.07827338441523529,50.96720104694913,XLY,Consumer Discretionary,Deteriorating — avoid
ULTA,98.77410113513157,99.00548829202089,Lagging,NW,139.29476667113295,1.1865539343921965,-0.46971529802461576,0.7347322137605917,0.8660067539668954,11.0,-0.00057957499047708,55.81395348837209,1.0,50.367304703085935,4111.0,1.1243409675280223,-0.05683808046100564,0.003959527925436678,0.08369323743922111,50.96720104694913,XLY,Consumer Discretionary,Deteriorating — avoid
HLT,101.60662032501426,99.42771463315104,Weakening,S,-111.63708953150659,2.459066010524351,-0.7050786529361335,0.5194423804888207,0.9725894788899222,10.0,-0.0006576754420718006,53.48837209302326,2.0,48.72799603805955,3912.0,1.0851148656503096,-0.053379017680537405,0.0007922077193006765,0.07661400862552438,50.96720104694913,XLY,Consumer Discretionary,Deteriorating — avoid
DHI,100.00371946621792,99.851132742787,Weakening,NE,65.11306246870106,0.261534305484615,-1.6442551034316586,0.7360985494392548,0.9745923931775433,1.0,-0.0006694822049990559,51.16279069767442,1.0,49.159816937654846,3177.0,1.1126393030810358,-0.054173441900382216,0.0020243391400339545,0.07827338441523529,50.96720104694913,XLY,Consumer Discretionary,Deteriorating — avoid
GPC,99.29972160831511,101.2271011679523,Improving,NE,57.74940395086465,2.7176742921381507,-1.0932211925187936,0.9898731562586874,0.998726879127965,3.0,-0.0006991632895724698,48.83720930232558,3.0,49.048508810195514,2636.0,1.3488429137004456,-0.06939670818450898,0.010434679688419024,0.13277500025943598,50.96720104694913,XLY,Consumer Discretionary,Improving
DPZ,98.30985756061767,99.44503249425307,Lagging,SW,-125.91027262094512,4.245314111131552,0.5225494913935886,0.5001390662851544,0.9822748102502682,9.0,-0.00104639909177956,46.51162790697674,3.0,51.720525418777044,2717.0,1.2314857925557203,-0.06098523719328532,0.009437763408685374,0.09733133324014641,50.96720104694913,XLY,Consumer Discretionary,Lagging
ROST,101.41138438555325,98.80478197584365,Weakening,SW,-116.79989500905081,1.7694957183257287,0.08206565047488268,0.5201464762138477,0.9727264935292728,20.0,-0.001111711147739265,44.18604651162791,2.0,48.72799603805955,3912.0,1.0851148656503096,-0.053379017680537405,0.0007922077193006765,0.07661400862552438,50.96720104694913,XLY,Consumer Discretionary,Weakening
DRI,100.531424514463,100.71485702291312,Leading,NE,31.130879913721344,1.1753859673165294,0.5146533946195018,0.6203137354352753,0.9271418632921322,5.0,-0.0012140716963827134,41.86046511627907,1.0,50.85417524459219,3701.0,1.061882102268403,-0.055614445777022056,0.0026967538895980225,0.07916216497676781,50.96720104694913,XLY,Consumer Discretionary,Leading
DECK,100.30963829321755,99.89058783434594,Weakening,N,70.03089476239576,0.5375819278698668,-1.2686411032976497,0.8667285601648245,0.9920948280417713,4.0,-0.0012764813362429366,39.53488372093023,1.0,49.159816937654846,3177.0,1.1126393030810358,-0.054173441900382216,0.0020243391400339545,0.07827338441523529,50.96720104694913,XLY,Consumer Discretionary,Deteriorating — avoid
APTV,98.6503554825063,100.22709676830115,Improving,NE,58.817319322224705,1.5844827488927833,-1.0789922246855217,0.9694308061852875,0.9863848984382031,1.0,-0.001339202120239154,37.2093023255814,2.0,50.74742796693319,3508.0,1.1903114794689829,-0.05987375656847002,0.006669308958586795,0.09726844349937525,50.96720104694913,XLY,Consumer Discretionary,Improving
MGM,102.35710208743623,100.68331824687502,Leading,SE,-39.000448114460625,2.530854930990659,0.9498245802914733,0.8124002242271336,0.9754236694820515,18.0,-0.001736825168620615,34.883720930232556,2.0,51.402234488511645,3713.0,1.10935883983132,-0.05387785982330892,0.004552933456797527,0.07592747276795381,50.96720104694913,XLY,Consumer Discretionary,Established leader
TJX,100.87371633946631,99.17983628551337,Weakening,S,-109.63239405869388,2.4494955479627225,0.21773640348150813,0.5454044577130772,0.9922376072541396,10.0,-0.0018352493754595532,32.55813953488372,2.0,48.72799603805955,3912.0,1.0851148656503096,-0.053379017680537405,0.0007922077193006765,0.07661400862552438,50.96720104694913,XLY,Consumer Discretionary,Weakening
AMZN,101.03810884051192,100.11744428571421,Leading,SW,-132.02329181787397,1.662933484859228,-0.20999894719999745,0.643136710827406,0.9735382349856122,13.0,-0.001872937000607743,30.232558139534884,2.0,51.402234488511645,3713.0,1.10935883983132,-0.05387785982330892,0.004552933456797527,0.07592747276795381,50.96720104694913,XLY,Consumer Discretionary,Leading
EBAY,101.97657592250098,100.3046421769221,Leading,S,-100.32584896654701,4.015629744356048,0.8862530304415404,0.9437722125768854,0.989616837185326,20.0,-0.0020891838051727033,27.906976744186046,3.0,49.267618520975695,3318.0,1.0554937792007701,-0.05586440072725292,0.0006502586180051072,0.07705589924893012,50.96720104694913,XLY,Consumer Discretionary,Established leader
RCL,99.85149427653032,100.5010252927008,Improving,NE,60.79842467043973,0.6876462643235067,0.05674458582113351,0.7506049798792467,0.9789698936334571,2.0,-0.002135743311653961,25.58139534883721,1.0,49.3909889224471,3682.0,0.9924542431871904,-0.060280513151713636,-0.0010103066414691244,0.08489159502425328,50.96720104694913,XLY,Consumer Discretionary,Improving -> potential leader
CCL,99.73380286914133,100.12329250999822,Improving,N,69.30003774966895,0.6928198354830263,-0.45433700794313603,0.9648576431621176,0.9893308643025241,1.0,-0.0025397346595541176,23.25581395348837,1.0,49.3909889224471,3682.0,0.9924542431871904,-0.060280513151713636,-0.0010103066414691244,0.08489159502425328,50.96720104694913,XLY,Consumer Discretionary,Improving
F,101.86846906215389,101.12627753230299,Leading,NE,50.05176508196436,3.65514805269713,1.4123899570398843,0.9816166621468024,0.9968346824363631,4.0,-0.002563231238704059,20.930232558139537,3.0,49.267618520975695,3318.0,1.0554937792007701,-0.05586440072725292,0.0006502586180051072,0.07705589924893012,50.96720104694913,XLY,Consumer Discretionary,Established leader
YUM,100.32912325959794,99.31912850275636,Weakening,S,-101.10360806400907,2.50295098887917,0.8884882030138816,0.5851521347299548,0.9539528946372294,5.0,-0.0026068301619317554,18.6046511627907,2.0,48.72799603805955,3912.0,1.0851148656503096,-0.053379017680537405,0.0007922077193006765,0.07661400862552438,50.96720104694913,XLY,Consumer Discretionary,Weakening
MCD,98.5959886345315,99.05919872075266,Lagging,SW,-129.94328664561016,2.8896236866436955,1.4768720544929157,0.432045845616794,0.9969214580711957,10.0,-0.0026068582919983423,16.27906976744186,3.0,51.720525418777044,2717.0,1.2314857925557203,-0.06098523719328532,0.009437763408685374,0.09733133324014641,50.96720104694913,XLY,Consumer Discretionary,Lagging
ORLY,98.74426804816571,99.89679558889176,Lagging,S,-112.2491196290541,1.7648709854404545,0.006564186230215929,0.7250697832415456,0.9774857981608291,5.0,-0.0028817628024689432,13.953488372093023,2.0,52.422981061335406,3221.0,1.173030029961081,-0.05591248138017726,0.007836092615480244,0.08487464804642064,50.96720104694913,XLY,Consumer Discretionary,Lagging
AZO,98.32657340624584,99.74709490363321,Lagging,SW,-118.06753815679846,2.0162860924558745,0.14556598440571888,0.7999221325659525,0.9931962981240248,7.0,-0.0031405978322735207,11.627906976744185,2.0,52.422981061335406,3221.0,1.173030029961081,-0.05591248138017726,0.007836092615480244,0.08487464804642064,50.96720104694913,XLY,Consumer Discretionary,Lagging
LULU,98.31923026711226,99.11924545536483,Lagging,SW,-140.1483338916208,3.711923843213895,1.3077246490644345,0.9557072779380383,0.9931301950939594,11.0,-0.003604499856733411,9.30232558139535,3.0,51.720525418777044,2717.0,1.2314857925557203,-0.06098523719328532,0.009437763408685374,0.09733133324014641,50.96720104694913,XLY,Consumer Discretionary,Lagging
GRMN,100.57790152781918,99.49718371885606,Weakening,SW,-113.02508067251684,1.937027702133293,0.631002327052685,0.8350125405056412,0.9812402536294091,5.0,-0.0038180355902328387,6.976744186046512,2.0,48.72799603805955,3912.0,1.0851148656503096,-0.053379017680537405,0.0007922077193006765,0.07661400862552438,50.96720104694913,XLY,Consumer Discretionary,Weakening
WSM,101.92805154397546,100.79413145445722,Leading,NE,28.56366150532043,3.989112543707426,3.250548367667866,0.897071992204831,0.9759605131820024,3.0,-0.0038857074960429194,4.651162790697675,3.0,49.267618520975695,3318.0,1.0554937792007701,-0.05586440072725292,0.0006502586180051072,0.07705589924893012,50.96720104694913,XLY,Consumer Discretionary,Established leader
SBUX,101.33958160552501,99.87690057776165,Weakening,S,-94.1110729473627,1.7755212095191306,0.16312110822185177,0.9637007921822509,0.9934452709579852,2.0,-0.004039478765584179,2.3255813953488373,2.0,48.72799603805955,3912.0,1.0851148656503096,-0.053379017680537405,0.0007922077193006765,0.07661400862552438,50.96720104694913,XLY,Consumer Discretionary,Weakening
LVS,98.74724457004478,98.93426798945111,Lagging,W,-163.66028524050353,1.5263257547024094,0.7197930396577041,0.9712632134910196,0.9969778064887238,10.0,-0.004298186891553572,0.0,1.0,50.367304703085935,4111.0,1.1243409675280223,-0.05683808046100564,0.003959527925436678,0.08369323743922111,50.96720104694913,XLY,Consumer Discretionary,Lagging
